observation_date,route_code,advance_days,quote_count,avg_base_fare,avg_taxes,avg_total_fare,min_total_fare,max_total_fare,route_dgca_weight,horizon_weight,effective_joint_weight,estimated_annual_pax_horizon,estimated_daily_pax_horizon
2026-09-01,BLR-BOM,1,22,8212.41,1505.24,9717.65,8257.49,10832.88,0.052761,0.15,0.007914,304626,835
2026-09-01,BLR-BOM,7,24,5810.07,1413.12,7223.19,6101.41,7942.13,0.052761,0.35,0.018466,710793,1947
2026-09-01,BLR-BOM,15,24,4486.09,1325.9,5812.0,4672.64,6536.3,0.052761,0.25,0.01319,507709,1391
2026-09-01,BLR-BOM,30,24,3662.01,1307.66,4969.67,4203.94,5509.5,0.052761,0.15,0.007914,304626,835
2026-09-01,BLR-BOM,45,24,3893.2,1329.31,5222.51,4571.32,5823.88,0.052761,0.1,0.005276,203084,556
2026-09-01,BLR-CCU,1,26,11677.89,1672.64,13350.53,11011.13,15479.81,0.030679,0.15,0.004602,177135,485
2026-09-01,BLR-CCU,7,30,8126.47,1514.2,9640.67,8090.56,11173.33,0.030679,0.35,0.010738,413315,1132
2026-09-01,BLR-CCU,15,30,6253.68,1405.28,7658.97,6546.26,8804.06,0.030679,0.25,0.00767,295225,809
2026-09-01,BLR-CCU,30,30,5161.6,1349.69,6511.29,5535.38,7430.84,0.030679,0.15,0.004602,177135,485
2026-09-01,BLR-CCU,45,30,5451.84,1369.72,6821.56,5501.18,7994.01,0.030679,0.1,0.003068,118090,324
2026-09-01,BLR-DEL,1,17,11281.25,1645.85,12927.1,11983.91,14243.15,0.060559,0.15,0.009084,349654,958
2026-09-01,BLR-DEL,7,24,7886.69,1501.99,9388.68,8758.83,10391.43,0.060559,0.35,0.021196,815858,2235
2026-09-01,BLR-DEL,15,24,6110.4,1410.37,7520.77,6845.89,8396.53,0.060559,0.25,0.01514,582756,1597
2026-09-01,BLR-DEL,30,24,5018.88,1314.42,6333.3,5728.34,7006.01,0.060559,0.15,0.009084,349654,958
2026-09-01,BLR-DEL,45,24,5261.56,1355.92,6617.49,5997.25,7226.69,0.060559,0.1,0.006056,233102,639
2026-09-01,BLR-HYD,1,29,6612.26,1430.34,8042.6,6775.0,9463.79,0.029958,0.15,0.004494,172970,474
2026-09-01,BLR-HYD,7,30,4632.89,1337.31,5970.2,4960.77,7039.64,0.029958,0.35,0.010485,403598,1106
2026-09-01,BLR-HYD,15,30,3577.45,1283.79,4861.24,3879.06,5623.07,0.029958,0.25,0.00749,288284,790
2026-09-01,BLR-HYD,30,30,2940.69,1246.64,4187.34,3450.98,4928.75,0.029958,0.15,0.004494,172970,474
2026-09-01,BLR-HYD,45,30,3104.91,1239.46,4344.37,3645.98,5062.07,0.029958,0.1,0.002996,115314,316
2026-09-01,BOM-BLR,1,20,8534.08,1491.05,10025.13,8579.7,11740.73,0.054135,0.15,0.00812,312561,856
2026-09-01,BOM-BLR,7,24,5920.27,1367.43,7287.7,6151.93,8592.94,0.054135,0.35,0.018947,729308,1998
2026-09-01,BOM-BLR,15,24,4525.66,1323.46,5849.12,5076.23,6705.83,0.054135,0.25,0.013534,520934,1427
2026-09-01,BOM-BLR,30,24,3725.48,1250.38,4975.87,4194.54,5852.37,0.054135,0.15,0.00812,312561,856
2026-09-01,BOM-BLR,45,24,4012.27,1294.79,5307.06,4433.4,6203.74,0.054135,0.1,0.005414,208374,571
2026-09-01,BOM-DEL,1,38,10403.72,1585.74,11989.46,9897.53,14056.9,0.088971,0.15,0.013346,513696,1407
2026-09-01,BOM-DEL,7,42,7201.7,1426.82,8628.52,7162.01,10018.21,0.088971,0.35,0.03114,1198624,3284
2026-09-01,BOM-DEL,15,42,5609.49,1366.26,6975.75,5774.43,8092.08,0.088971,0.25,0.022243,856160,2346
2026-09-01,BOM-DEL,30,42,4611.02,1295.3,5906.32,4874.18,6950.02,0.088971,0.15,0.013346,513696,1407
2026-09-01,BOM-DEL,45,42,4894.78,1306.04,6200.82,5160.89,7258.88,0.088971,0.1,0.008897,342464,938
2026-09-01,BOM-GOI,1,30,7317.67,1430.21,8747.89,7183.18,10247.15,0.019573,0.15,0.002936,113008,310
2026-09-01,BOM-GOI,7,30,5156.95,1327.6,6484.55,5440.43,7427.14,0.019573,0.35,0.006851,263686,722
2026-09-01,BOM-GOI,15,30,3964.68,1285.14,5249.82,4312.61,6065.46,0.019573,0.25,0.004893,188348,516
2026-09-01,BOM-GOI,30,30,3227.91,1233.15,4461.06,3724.83,5162.61,0.019573,0.15,0.002936,113008,310
2026-09-01,BOM-GOI,45,30,3457.25,1235.56,4692.82,3880.68,5372.23,0.019573,0.1,0.001957,75339,206
2026-09-01,BOM-HYD,1,27,7541.18,1456.74,8997.92,7498.03,10398.95,0.03083,0.15,0.004624,178004,488
2026-09-01,BOM-HYD,7,30,5306.07,1345.15,6651.22,5347.65,7803.83,0.03083,0.35,0.01079,415342,1138
2026-09-01,BOM-HYD,15,30,4092.67,1308.76,5401.44,4293.63,6248.69,0.03083,0.25,0.007708,296673,813
2026-09-01,BOM-HYD,30,30,3381.47,1260.1,4641.56,3877.94,5380.79,0.03083,0.15,0.004624,178004,488
2026-09-01,BOM-HYD,45,30,3569.38,1246.65,4816.04,3926.59,5681.35,0.03083,0.1,0.003083,118669,325
2026-09-01,BOM-MAA,1,28,8533.52,1535.06,10068.58,8484.68,11657.77,0.027707,0.15,0.004156,159973,438
2026-09-01,BOM-MAA,7,30,5976.89,1383.52,7360.41,6176.85,8631.38,0.027707,0.35,0.009697,373271,1023
2026-09-01,BOM-MAA,15,30,4618.74,1326.84,5945.58,4987.61,6792.77,0.027707,0.25,0.006927,266622,730
2026-09-01,BOM-MAA,30,30,3769.48,1271.12,5040.6,4214.04,5852.9,0.027707,0.15,0.004156,159973,438
2026-09-01,BOM-MAA,45,30,3994.23,1272.45,5266.68,4602.78,6086.8,0.027707,0.1,0.002771,106649,292
2026-09-01,CCU-BLR,1,26,11596.31,1614.24,13210.54,11004.68,15414.06,0.029775,0.15,0.004466,171912,471
2026-09-01,CCU-BLR,7,30,8112.02,1424.89,9536.91,7974.98,11223.15,0.029775,0.35,0.010421,401128,1099
2026-09-01,CCU-BLR,15,30,6196.68,1326.13,7522.81,6321.88,8676.93,0.029775,0.25,0.007444,286520,785
2026-09-01,CCU-BLR,30,30,5060.74,1250.48,6311.22,5195.31,7370.1,0.029775,0.15,0.004466,171912,471
2026-09-01,CCU-BLR,45,30,5409.75,1285.57,6695.32,5533.08,7887.39,0.029775,0.1,0.002978,114608,314
2026-09-01,CCU-DEL,1,28,11183.8,1579.13,12762.93,10680.2,15014.77,0.035152,0.15,0.005273,202957,556
2026-09-01,CCU-DEL,7,30,7839.85,1431.93,9271.78,7874.74,10912.92,0.035152,0.35,0.012303,473566,1297
2026-09-01,CCU-DEL,15,30,6071.16,1327.12,7398.28,6207.46,8818.59,0.035152,0.25,0.008788,338262,927
2026-09-01,CCU-DEL,30,30,4960.68,1241.55,6202.24,5010.1,7203.13,0.035152,0.15,0.005273,202957,556
2026-09-01,CCU-DEL,45,30,5010.36,1279.3,6289.66,5341.15,7311.07,0.035152,0.1,0.003515,135305,371
2026-09-01,DEL-BLR,1,20,12068.24,1611.5,13679.74,11545.78,16221.39,0.061053,0.15,0.009158,352503,966
2026-09-01,DEL-BLR,7,24,8399.92,1444.45,9844.37,8395.15,11692.27,0.061053,0.35,0.021369,822506,2253
2026-09-01,DEL-BLR,15,24,6451.86,1340.55,7792.41,6576.24,9149.32,0.061053,0.25,0.015263,587504,1610
2026-09-01,DEL-BLR,30,24,5269.01,1329.38,6598.38,5541.45,7742.67,0.061053,0.15,0.009158,352503,966
2026-09-01,DEL-BLR,45,24,5564.43,1310.54,6874.97,5684.56,7980.16,0.061053,0.1,0.006105,235002,644
2026-09-01,DEL-BOM,1,38,10094.77,1499.17,11593.94,10097.58,13762.97,0.089012,0.15,0.013352,513934,1408
2026-09-01,DEL-BOM,7,42,7147.88,1388.0,8535.88,7200.05,9993.78,0.089012,0.35,0.031154,1199180,3285
2026-09-01,DEL-BOM,15,42,5570.6,1282.94,6853.54,5723.44,7957.86,0.089012,0.25,0.022253,856557,2347
2026-09-01,DEL-BOM,30,42,4544.94,1234.92,5779.87,4892.9,6681.89,0.089012,0.15,0.013352,513934,1408
2026-09-01,DEL-BOM,45,42,4781.82,1261.11,6042.92,4975.56,7171.26,0.089012,0.1,0.008901,342623,939
2026-09-01,DEL-CCU,1,28,11372.69,1596.19,12968.88,10808.58,15379.72,0.036822,0.15,0.005523,212601,582
2026-09-01,DEL-CCU,7,30,8087.8,1416.78,9504.58,7966.28,11054.39,0.036822,0.35,0.012888,496069,1359
2026-09-01,DEL-CCU,15,30,6136.13,1331.51,7467.65,6457.35,8888.1,0.036822,0.25,0.009206,354335,971
2026-09-01,DEL-CCU,30,30,5048.38,1277.77,6326.16,5177.78,7448.01,0.036822,0.15,0.005523,212601,582
2026-09-01,DEL-CCU,45,30,5101.04,1283.34,6384.38,5442.2,7514.82,0.036822,0.1,0.003682,141734,388
2026-09-01,DEL-GOI,1,28,13161.89,1654.36,14816.25,12479.73,17498.11,0.020126,0.15,0.003019,116202,318
2026-09-01,DEL-GOI,7,30,9332.53,1492.91,10825.44,9007.28,12790.8,0.020126,0.35,0.007044,271137,743
2026-09-01,DEL-GOI,15,30,7164.7,1365.38,8530.08,7214.21,10027.75,0.020126,0.25,0.005032,193670,531
2026-09-01,DEL-GOI,30,30,5893.49,1307.47,7200.96,6106.8,8299.72,0.020126,0.15,0.003019,116202,318
2026-09-01,DEL-GOI,45,30,5938.59,1331.39,7269.98,6146.21,8581.21,0.020126,0.1,0.002013,77468,212
2026-09-01,DEL-HYD,1,27,9938.29,1503.28,11441.57,9729.63,13591.67,0.04256,0.15,0.006384,245728,673
2026-09-01,DEL-HYD,7,30,6971.05,1376.95,8348.0,6748.95,9864.63,0.04256,0.35,0.014896,573366,1571
2026-09-01,DEL-HYD,15,30,5373.68,1271.56,6645.24,5436.91,7735.58,0.04256,0.25,0.01064,409547,1122
2026-09-01,DEL-HYD,30,30,4368.69,1283.0,5651.69,4709.92,6585.69,0.04256,0.15,0.006384,245728,673
2026-09-01,DEL-HYD,45,30,4469.46,1247.3,5716.76,4772.5,6661.85,0.04256,0.1,0.004256,163819,449
2026-09-01,DEL-MAA,1,30,11461.44,1623.63,13085.07,11059.23,15083.81,0.031972,0.15,0.004796,184596,506
2026-09-01,DEL-MAA,7,30,8136.72,1427.43,9564.15,8066.22,11232.25,0.031972,0.35,0.01119,430725,1180
2026-09-01,DEL-MAA,15,30,6291.17,1371.18,7662.35,6556.49,8901.5,0.031972,0.25,0.007993,307660,843
2026-09-01,DEL-MAA,30,30,5175.36,1272.54,6447.9,5411.46,7503.38,0.031972,0.15,0.004796,184596,506
2026-09-01,DEL-MAA,45,30,5198.14,1296.26,6494.41,5457.68,7519.49,0.031972,0.1,0.003197,123064,337
2026-09-01,DEL-PNQ,1,27,10429.52,1536.18,11965.7,10062.71,14106.63,0.038186,0.15,0.005728,220477,604
2026-09-01,DEL-PNQ,7,30,7303.17,1401.81,8704.98,7143.98,10245.02,0.038186,0.35,0.013365,514447,1409
2026-09-01,DEL-PNQ,15,30,5674.72,1312.74,6987.46,5844.64,8198.32,0.038186,0.25,0.009546,367462,1007
2026-09-01,DEL-PNQ,30,30,4632.89,1271.76,5904.65,4951.1,6887.32,0.038186,0.15,0.005728,220477,604
2026-09-01,DEL-PNQ,45,30,4667.93,1269.87,5937.8,5014.13,6893.37,0.038186,0.1,0.003819,146985,403
2026-09-01,GOI-DEL,1,28,13033.42,1690.73,14724.15,12263.28,17411.68,0.02045,0.15,0.003068,118072,323
2026-09-01,GOI-DEL,7,30,9151.97,1465.32,10617.29,9057.49,12204.44,0.02045,0.35,0.007157,275502,755
2026-09-01,GOI-DEL,15,30,7011.16,1352.78,8363.94,7013.0,9895.15,0.02045,0.25,0.005112,196787,539
2026-09-01,GOI-DEL,30,30,5732.6,1284.72,7017.32,5684.49,8259.11,0.02045,0.15,0.003068,118072,323
2026-09-01,GOI-DEL,45,30,5858.73,1326.56,7185.3,6189.19,8336.15,0.02045,0.1,0.002045,78715,216
2026-09-01,HYD-BLR,1,25,6539.18,1331.92,7871.1,6462.57,9013.27,0.029629,0.15,0.004444,171070,469
2026-09-01,HYD-BLR,7,30,4572.77,1237.85,5810.62,4653.39,6754.39,0.029629,0.35,0.01037,399163,1094
2026-09-01,HYD-BLR,15,30,3537.0,1190.39,4727.38,3868.18,5485.41,0.029629,0.25,0.007407,285116,781
2026-09-01,HYD-BLR,30,30,2893.41,1148.59,4042.0,3223.12,4643.07,0.029629,0.15,0.004444,171070,469
2026-09-01,HYD-BLR,45,30,3066.43,1190.93,4257.36,3401.42,4936.35,0.029629,0.1,0.002963,114047,312
2026-09-01,HYD-BOM,1,28,7388.85,1379.37,8768.22,7488.68,10451.78,0.030308,0.15,0.004546,174988,479
2026-09-01,HYD-BOM,7,30,5190.91,1286.19,6477.1,5229.83,7581.53,0.030308,0.35,0.010608,408306,1119
2026-09-01,HYD-BOM,15,30,4049.36,1219.01,5268.37,4440.09,6136.25,0.030308,0.25,0.007577,291647,799
2026-09-01,HYD-BOM,30,30,3325.31,1172.18,4497.48,3664.78,5285.9,0.030308,0.15,0.004546,174988,479
2026-09-01,HYD-BOM,45,30,3524.55,1210.78,4735.33,3853.98,5540.85,0.030308,0.1,0.003031,116659,320
2026-09-01,HYD-DEL,1,27,9695.67,1493.1,11188.77,9632.76,12911.82,0.043067,0.15,0.00646,248660,681
2026-09-01,HYD-DEL,7,30,6865.96,1354.89,8220.86,6765.83,9606.54,0.043067,0.35,0.015073,580206,1590
2026-09-01,HYD-DEL,15,30,5316.51,1279.29,6595.8,5504.53,7510.65,0.043067,0.25,0.010767,414432,1135
2026-09-01,HYD-DEL,30,30,4354.87,1251.04,5605.91,4495.79,6596.78,0.043067,0.15,0.00646,248660,681
2026-09-01,HYD-DEL,45,30,4397.8,1247.88,5645.68,4802.14,6670.24,0.043067,0.1,0.004307,165773,454
2026-09-01,MAA-BOM,1,26,8401.0,1415.56,9816.56,7887.14,11502.26,0.027186,0.15,0.004078,156966,430
2026-09-01,MAA-BOM,7,30,5907.65,1322.75,7230.4,6145.79,8403.29,0.027186,0.35,0.009515,366253,1003
2026-09-01,MAA-BOM,15,30,4571.05,1238.57,5809.63,4706.59,6906.55,0.027186,0.25,0.006796,261610,717
2026-09-01,MAA-BOM,30,30,3745.56,1185.64,4931.2,4262.38,5596.04,0.027186,0.15,0.004078,156966,430
2026-09-01,MAA-BOM,45,30,3947.18,1214.13,5161.31,4099.07,6145.67,0.027186,0.1,0.002719,104644,287
2026-09-01,MAA-DEL,1,26,11275.7,1566.23,12841.93,10720.79,14948.5,0.03175,0.15,0.004762,183318,502
2026-09-01,MAA-DEL,7,30,8015.48,1421.89,9437.37,8069.74,11192.71,0.03175,0.35,0.011112,427742,1172
2026-09-01,MAA-DEL,15,30,6224.55,1333.73,7558.28,6458.25,8944.15,0.03175,0.25,0.007938,305530,837
2026-09-01,MAA-DEL,30,30,5088.96,1267.62,6356.59,5250.68,7244.35,0.03175,0.15,0.004762,183318,502
2026-09-01,MAA-DEL,45,30,5169.18,1256.49,6425.66,5301.79,7620.94,0.03175,0.1,0.003175,122212,335
2026-09-01,PNQ-DEL,1,28,10580.27,1540.16,12120.44,10128.53,14224.35,0.037779,0.15,0.005667,218129,598
2026-09-01,PNQ-DEL,7,30,7405.51,1386.53,8792.04,7390.84,10348.37,0.037779,0.35,0.013223,508969,1394
2026-09-01,PNQ-DEL,15,30,5711.6,1306.12,7017.72,5995.94,8031.88,0.037779,0.25,0.009445,363549,996
2026-09-01,PNQ-DEL,30,30,4670.17,1248.65,5918.83,5081.73,6864.36,0.037779,0.15,0.005667,218129,598
2026-09-01,PNQ-DEL,45,30,4765.78,1220.95,5986.73,4797.75,6967.84,0.037779,0.1,0.003778,145420,398
2026-09-02,BLR-BOM,1,22,8322.61,1498.17,9820.78,8448.62,10874.73,0.052761,0.15,0.007914,304626,835
2026-09-02,BLR-BOM,7,24,5809.39,1375.82,7185.21,6163.26,8033.33,0.052761,0.35,0.018466,710793,1947
2026-09-02,BLR-BOM,15,24,4535.27,1318.55,5853.82,5039.51,6449.46,0.052761,0.25,0.01319,507709,1391
2026-09-02,BLR-BOM,30,24,4219.76,1295.93,5515.7,4615.15,6109.66,0.052761,0.15,0.007914,304626,835
2026-09-02,BLR-BOM,45,24,3395.66,1241.11,4636.77,3903.21,5217.18,0.052761,0.1,0.005276,203084,556
2026-09-02,BLR-CCU,1,29,11673.15,1684.08,13357.22,10995.79,15685.94,0.030679,0.15,0.004602,177135,485
2026-09-02,BLR-CCU,7,30,8154.82,1493.7,9648.51,7956.43,11368.69,0.030679,0.35,0.010738,413315,1132
2026-09-02,BLR-CCU,15,30,6253.54,1402.99,7656.53,6511.46,9069.45,0.030679,0.25,0.00767,295225,809
2026-09-02,BLR-CCU,30,30,5972.04,1409.09,7381.13,6138.21,8583.84,0.030679,0.15,0.004602,177135,485
2026-09-02,BLR-CCU,45,30,4725.56,1334.11,6059.67,5054.71,6923.24,0.030679,0.1,0.003068,118090,324
2026-09-02,BLR-DEL,1,22,11229.39,1650.86,12880.25,11770.55,14044.11,0.060559,0.15,0.009084,349654,958
2026-09-02,BLR-DEL,7,24,7894.53,1512.18,9406.71,8640.28,10494.47,0.060559,0.35,0.021196,815858,2235
2026-09-02,BLR-DEL,15,24,6085.37,1400.47,7485.83,6820.43,8047.13,0.060559,0.25,0.01514,582756,1597
2026-09-02,BLR-DEL,30,24,5725.52,1372.77,7098.29,6359.54,7764.23,0.060559,0.15,0.009084,349654,958
2026-09-02,BLR-DEL,45,24,4581.36,1323.86,5905.22,5303.83,6411.19,0.060559,0.1,0.006056,233102,639
2026-09-02,BLR-HYD,1,29,6624.65,1405.94,8030.58,6999.21,9371.07,0.029958,0.15,0.004494,172970,474
2026-09-02,BLR-HYD,7,30,4618.17,1353.03,5971.2,4864.03,7066.32,0.029958,0.35,0.010485,403598,1106
2026-09-02,BLR-HYD,15,30,3571.48,1289.16,4860.64,3823.15,5623.17,0.029958,0.25,0.00749,288284,790
2026-09-02,BLR-HYD,30,30,3362.19,1260.63,4622.82,3968.21,5269.85,0.029958,0.15,0.004494,172970,474
2026-09-02,BLR-HYD,45,30,2703.3,1213.81,3917.1,3322.52,4480.38,0.029958,0.1,0.002996,115314,316
2026-09-02,BOM-BLR,1,22,8418.91,1493.6,9912.51,8475.05,11644.67,0.054135,0.15,0.00812,312561,856
2026-09-02,BOM-BLR,7,24,5932.58,1367.11,7299.68,6165.64,8528.98,0.054135,0.35,0.018947,729308,1998
2026-09-02,BOM-BLR,15,24,4585.92,1308.99,5894.9,5117.22,6832.81,0.054135,0.25,0.013534,520934,1427
2026-09-02,BOM-BLR,30,24,4310.27,1295.45,5605.72,4532.5,6596.38,0.054135,0.15,0.00812,312561,856
2026-09-02,BOM-BLR,45,24,3404.16,1242.42,4646.58,3804.33,5458.11,0.054135,0.1,0.005414,208374,571
2026-09-02,BOM-DEL,1,38,10444.3,1582.12,12026.42,10001.3,14035.04,0.088971,0.15,0.013346,513696,1407
2026-09-02,BOM-DEL,7,42,7259.44,1434.45,8693.89,7110.85,10267.12,0.088971,0.35,0.03114,1198624,3284
2026-09-02,BOM-DEL,15,42,5610.83,1346.36,6957.19,5643.11,8178.9,0.088971,0.25,0.022243,856160,2346
2026-09-02,BOM-DEL,30,42,5288.94,1332.76,6621.7,5325.83,7845.37,0.088971,0.15,0.013346,513696,1407
2026-09-02,BOM-DEL,45,42,4235.43,1324.05,5559.48,4341.24,6500.91,0.088971,0.1,0.008897,342464,938
2026-09-02,BOM-GOI,1,28,7354.54,1456.58,8811.12,7461.84,10274.99,0.019573,0.15,0.002936,113008,310
2026-09-02,BOM-GOI,7,30,5137.9,1353.75,6491.66,5475.23,7541.44,0.019573,0.35,0.006851,263686,722
2026-09-02,BOM-GOI,15,30,3949.02,1271.46,5220.48,4340.2,6101.27,0.019573,0.25,0.004893,188348,516
2026-09-02,BOM-GOI,30,30,3731.79,1269.23,5001.02,4241.05,5746.37,0.019573,0.15,0.002936,113008,310
2026-09-02,BOM-GOI,45,30,2985.57,1189.28,4174.86,3492.75,4913.3,0.019573,0.1,0.001957,75339,206
2026-09-02,BOM-HYD,1,26,7521.39,1467.02,8988.41,7490.46,10678.34,0.03083,0.15,0.004624,178004,488
2026-09-02,BOM-HYD,7,30,5248.49,1323.34,6571.82,5635.65,7486.27,0.03083,0.35,0.01079,415342,1138
2026-09-02,BOM-HYD,15,30,4103.27,1279.86,5383.13,4497.12,6296.73,0.03083,0.25,0.007708,296673,813
2026-09-02,BOM-HYD,30,30,3855.13,1268.91,5124.04,4228.92,5971.2,0.03083,0.15,0.004624,178004,488
2026-09-02,BOM-HYD,45,30,3101.52,1232.69,4334.21,3409.32,5090.36,0.03083,0.1,0.003083,118669,325
2026-09-02,BOM-MAA,1,28,8500.73,1536.72,10037.45,8351.76,11853.96,0.027707,0.15,0.004156,159973,438
2026-09-02,BOM-MAA,7,30,5999.84,1372.77,7372.61,6229.3,8651.99,0.027707,0.35,0.009697,373271,1023
2026-09-02,BOM-MAA,15,30,4609.04,1320.49,5929.53,4853.13,6857.93,0.027707,0.25,0.006927,266622,730
2026-09-02,BOM-MAA,30,30,4348.1,1287.95,5636.06,4717.24,6589.9,0.027707,0.15,0.004156,159973,438
2026-09-02,BOM-MAA,45,30,3472.32,1245.18,4717.5,3763.56,5398.07,0.027707,0.1,0.002771,106649,292
2026-09-02,CCU-BLR,1,27,11418.67,1598.3,13016.97,11047.62,15292.96,0.029775,0.15,0.004466,171912,471
2026-09-02,CCU-BLR,7,30,7973.96,1412.17,9386.13,8044.75,11054.77,0.029775,0.35,0.010421,401128,1099
2026-09-02,CCU-BLR,15,30,6212.63,1362.28,7574.91,6329.69,8782.19,0.029775,0.25,0.007444,286520,785
2026-09-02,CCU-BLR,30,30,5812.27,1332.23,7144.5,5861.77,8422.42,0.029775,0.15,0.004466,171912,471
2026-09-02,CCU-BLR,45,30,4655.65,1274.61,5930.26,4912.37,6885.86,0.029775,0.1,0.002978,114608,314
2026-09-02,CCU-DEL,1,30,11212.69,1569.23,12781.92,10814.22,14891.85,0.035152,0.15,0.005273,202957,556
2026-09-02,CCU-DEL,7,30,7896.69,1375.89,9272.59,7612.91,10904.84,0.035152,0.35,0.012303,473566,1297
2026-09-02,CCU-DEL,15,30,6109.85,1358.0,7467.85,6390.73,8603.53,0.035152,0.25,0.008788,338262,927
2026-09-02,CCU-DEL,30,30,5481.03,1326.31,6807.34,5668.58,7835.04,0.035152,0.15,0.005273,202957,556
2026-09-02,CCU-DEL,45,30,4585.3,1282.54,5867.84,4964.7,6781.56,0.035152,0.1,0.003515,135305,371
2026-09-02,DEL-BLR,1,22,12055.39,1614.69,13670.09,11226.17,15925.8,0.061053,0.15,0.009158,352503,966
2026-09-02,DEL-BLR,7,24,8377.68,1421.14,9798.81,8300.04,11513.27,0.061053,0.35,0.021369,822506,2253
2026-09-02,DEL-BLR,15,24,6477.98,1311.33,7789.32,6461.55,9097.48,0.061053,0.25,0.015263,587504,1610
2026-09-02,DEL-BLR,30,24,6131.12,1333.51,7464.62,6266.27,8681.79,0.061053,0.15,0.009158,352503,966
2026-09-02,DEL-BLR,45,24,4888.87,1292.9,6181.77,5249.66,7173.73,0.061053,0.1,0.006105,235002,644
2026-09-02,DEL-BOM,1,38,10178.11,1532.36,11710.47,9846.83,13840.94,0.089012,0.15,0.013352,513934,1408
2026-09-02,DEL-BOM,7,42,7175.67,1367.73,8543.39,7261.96,9819.35,0.089012,0.35,0.031154,1199180,3285
2026-09-02,DEL-BOM,15,42,5549.09,1298.64,6847.73,5651.01,8040.76,0.089012,0.25,0.022253,856557,2347
2026-09-02,DEL-BOM,30,42,5234.69,1248.81,6483.5,5436.53,7544.92,0.089012,0.15,0.013352,513934,1408
2026-09-02,DEL-BOM,45,42,4181.26,1242.69,5423.94,4465.55,6363.88,0.089012,0.1,0.008901,342623,939
2026-09-02,DEL-CCU,1,27,11173.89,1580.57,12754.46,10718.76,14843.72,0.036822,0.15,0.005523,212601,582
2026-09-02,DEL-CCU,7,30,7973.37,1386.6,9359.97,7810.18,10924.15,0.036822,0.35,0.012888,496069,1359
2026-09-02,DEL-CCU,15,30,6098.6,1311.47,7410.07,6053.14,8636.31,0.036822,0.25,0.009206,354335,971
2026-09-02,DEL-CCU,30,30,5546.93,1293.63,6840.56,5683.47,8028.9,0.036822,0.15,0.005523,212601,582
2026-09-02,DEL-CCU,45,30,4647.6,1245.46,5893.06,4957.5,6950.55,0.036822,0.1,0.003682,141734,388
2026-09-02,DEL-GOI,1,30,13237.91,1667.53,14905.44,12749.34,17639.22,0.020126,0.15,0.003019,116202,318
2026-09-02,DEL-GOI,7,30,9304.95,1467.51,10772.46,9112.61,12733.79,0.020126,0.35,0.007044,271137,743
2026-09-02,DEL-GOI,15,30,7177.23,1376.95,8554.18,7138.61,9936.84,0.020126,0.25,0.005032,193670,531
2026-09-02,DEL-GOI,30,30,6454.83,1344.3,7799.13,6559.86,9185.78,0.020126,0.15,0.003019,116202,318
2026-09-02,DEL-GOI,45,30,5364.8,1289.67,6654.47,5561.11,7790.51,0.020126,0.1,0.002013,77468,212
2026-09-02,DEL-HYD,1,27,9712.78,1526.07,11238.85,9661.73,13047.4,0.04256,0.15,0.006384,245728,673
2026-09-02,DEL-HYD,7,30,7064.04,1377.35,8441.39,6937.37,9733.41,0.04256,0.35,0.014896,573366,1571
2026-09-02,DEL-HYD,15,30,5395.31,1295.69,6690.99,5511.06,7916.13,0.04256,0.25,0.01064,409547,1122
2026-09-02,DEL-HYD,30,30,4834.57,1295.48,6130.05,5216.47,7176.01,0.04256,0.15,0.006384,245728,673
2026-09-02,DEL-HYD,45,30,4104.88,1239.44,5344.33,4453.46,6203.26,0.04256,0.1,0.004256,163819,449
2026-09-02,DEL-MAA,1,28,11702.16,1615.04,13317.2,11410.75,15514.57,0.031972,0.15,0.004796,184596,506
2026-09-02,DEL-MAA,7,30,8089.4,1401.85,9491.25,8240.03,11310.43,0.031972,0.35,0.01119,430725,1180
2026-09-02,DEL-MAA,15,30,6280.26,1335.83,7616.09,6334.5,8909.53,0.031972,0.25,0.007993,307660,843
2026-09-02,DEL-MAA,30,30,5638.47,1287.96,6926.43,5627.66,7976.65,0.031972,0.15,0.004796,184596,506
2026-09-02,DEL-MAA,45,30,4722.4,1220.55,5942.95,4740.36,6927.6,0.031972,0.1,0.003197,123064,337
2026-09-02,DEL-PNQ,1,29,10320.74,1526.16,11846.9,9845.77,13544.4,0.038186,0.15,0.005728,220477,604
2026-09-02,DEL-PNQ,7,30,7273.48,1381.54,8655.02,7227.0,10216.61,0.038186,0.35,0.013365,514447,1409
2026-09-02,DEL-PNQ,15,30,5681.98,1301.15,6983.14,5844.91,8239.66,0.038186,0.25,0.009546,367462,1007
2026-09-02,DEL-PNQ,30,30,5102.16,1296.7,6398.86,5277.72,7519.49,0.038186,0.15,0.005728,220477,604
2026-09-02,DEL-PNQ,45,30,4240.92,1227.38,5468.3,4438.75,6220.87,0.038186,0.1,0.003819,146985,403
2026-09-02,GOI-DEL,1,27,13091.11,1674.54,14765.66,12331.22,16913.67,0.02045,0.15,0.003068,118072,323
2026-09-02,GOI-DEL,7,30,9143.87,1465.27,10609.14,8842.62,12301.67,0.02045,0.35,0.007157,275502,755
2026-09-02,GOI-DEL,15,30,7028.37,1362.08,8390.44,6947.97,9911.23,0.02045,0.25,0.005112,196787,539
2026-09-02,GOI-DEL,30,30,6374.37,1333.94,7708.31,6445.99,8998.27,0.02045,0.15,0.003068,118072,323
2026-09-02,GOI-DEL,45,30,5309.77,1301.32,6611.08,5403.76,7839.7,0.02045,0.1,0.002045,78715,216
2026-09-02,HYD-BLR,1,27,6546.29,1346.05,7892.35,6592.52,9267.24,0.029629,0.15,0.004444,171070,469
2026-09-02,HYD-BLR,7,30,4560.23,1244.53,5804.76,4827.44,6797.71,0.029629,0.35,0.01037,399163,1094
2026-09-02,HYD-BLR,15,30,3505.57,1203.08,4708.65,3677.28,5437.5,0.029629,0.25,0.007407,285116,781
2026-09-02,HYD-BLR,30,30,3325.07,1198.6,4523.67,3795.11,5189.72,0.029629,0.15,0.004444,171070,469
2026-09-02,HYD-BLR,45,30,2642.21,1158.66,3800.87,3287.26,4471.09,0.029629,0.1,0.002963,114047,312
2026-09-02,HYD-BOM,1,26,7506.19,1396.94,8903.13,7509.92,10347.16,0.030308,0.15,0.004546,174988,479
2026-09-02,HYD-BOM,7,30,5168.79,1283.32,6452.11,5526.31,7670.93,0.030308,0.35,0.010608,408306,1119
2026-09-02,HYD-BOM,15,30,4036.17,1231.31,5267.48,4321.38,6129.47,0.030308,0.25,0.007577,291647,799
2026-09-02,HYD-BOM,30,30,3870.36,1198.71,5069.07,4142.99,5924.96,0.030308,0.15,0.004546,174988,479
2026-09-02,HYD-BOM,45,30,3050.64,1163.22,4213.86,3539.14,4970.21,0.030308,0.1,0.003031,116659,320
2026-09-02,HYD-DEL,1,27,9736.22,1527.83,11264.05,9471.6,13302.24,0.043067,0.15,0.00646,248660,681
2026-09-02,HYD-DEL,7,30,6855.36,1350.35,8205.72,6999.42,9541.59,0.043067,0.35,0.015073,580206,1590
2026-09-02,HYD-DEL,15,30,5330.92,1300.63,6631.55,5591.36,7717.54,0.043067,0.25,0.010767,414432,1135
2026-09-02,HYD-DEL,30,30,4771.55,1252.93,6024.49,4809.61,7158.8,0.043067,0.15,0.00646,248660,681
2026-09-02,HYD-DEL,45,30,3973.04,1240.33,5213.36,4228.52,6094.82,0.043067,0.1,0.004307,165773,454
2026-09-02,MAA-BOM,1,27,8430.38,1424.35,9854.72,8083.19,11586.66,0.027186,0.15,0.004078,156966,430
2026-09-02,MAA-BOM,7,30,5912.19,1314.19,7226.37,6169.88,8321.82,0.027186,0.35,0.009515,366253,1003
2026-09-02,MAA-BOM,15,30,4583.77,1268.43,5852.2,4865.29,6742.64,0.027186,0.25,0.006796,261610,717
2026-09-02,MAA-BOM,30,30,4272.09,1244.25,5516.35,4445.49,6321.19,0.027186,0.15,0.004078,156966,430
2026-09-02,MAA-BOM,45,30,3412.47,1176.02,4588.49,3790.95,5336.2,0.027186,0.1,0.002719,104644,287
2026-09-02,MAA-DEL,1,26,11465.63,1546.01,13011.64,10633.01,15345.76,0.03175,0.15,0.004762,183318,502
2026-09-02,MAA-DEL,7,30,8057.11,1444.97,9502.08,8106.87,11297.08,0.03175,0.35,0.011112,427742,1172
2026-09-02,MAA-DEL,15,30,6208.82,1322.92,7531.73,6265.14,8733.26,0.03175,0.25,0.007938,305530,837
2026-09-02,MAA-DEL,30,30,5609.45,1280.37,6889.83,5710.49,8021.92,0.03175,0.15,0.004762,183318,502
2026-09-02,MAA-DEL,45,30,4687.73,1223.42,5911.15,4909.03,6781.78,0.03175,0.1,0.003175,122212,335
2026-09-02,PNQ-DEL,1,26,10420.49,1541.86,11962.35,10055.79,14087.2,0.037779,0.15,0.005667,218129,598
2026-09-02,PNQ-DEL,7,30,7414.2,1398.76,8812.96,7423.62,10225.38,0.037779,0.35,0.013223,508969,1394
2026-09-02,PNQ-DEL,15,30,5736.2,1267.4,7003.6,5599.66,8180.67,0.037779,0.25,0.009445,363549,996
2026-09-02,PNQ-DEL,30,30,5113.31,1243.6,6356.92,5346.25,7281.01,0.037779,0.15,0.005667,218129,598
2026-09-02,PNQ-DEL,45,30,4294.74,1248.97,5543.71,4472.65,6589.72,0.037779,0.1,0.003778,145420,398
2026-09-03,BLR-BOM,1,20,9330.19,1567.36,10897.55,9192.51,12365.82,0.052761,0.15,0.007914,304626,835
2026-09-03,BLR-BOM,7,24,5797.79,1394.64,7192.43,5855.34,8086.03,0.052761,0.35,0.018466,710793,1947
2026-09-03,BLR-BOM,15,24,5226.37,1370.41,6596.78,5445.38,7203.91,0.052761,0.25,0.01319,507709,1391
2026-09-03,BLR-BOM,30,24,3682.26,1281.04,4963.3,4198.38,5436.31,0.052761,0.15,0.007914,304626,835
2026-09-03,BLR-BOM,45,24,3904.2,1292.67,5196.87,4441.19,5812.75,0.052761,0.1,0.005276,203084,556
2026-09-03,BLR-CCU,1,30,13338.92,1761.89,15100.8,12659.72,17702.15,0.030679,0.15,0.004602,177135,485
2026-09-03,BLR-CCU,7,30,8137.98,1530.21,9668.2,8026.27,11200.43,0.030679,0.35,0.010738,413315,1132
2026-09-03,BLR-CCU,15,30,7210.08,1458.48,8668.57,6963.88,10271.11,0.030679,0.25,0.00767,295225,809
2026-09-03,BLR-CCU,30,30,5136.42,1382.58,6519.0,5520.35,7406.79,0.030679,0.15,0.004602,177135,485
2026-09-03,BLR-CCU,45,30,5451.68,1403.17,6854.85,5685.46,7934.85,0.030679,0.1,0.003068,118090,324
2026-09-03,BLR-DEL,1,21,13016.7,1738.2,14754.9,13563.93,16399.08,0.060559,0.15,0.009084,349654,958
2026-09-03,BLR-DEL,7,24,7891.56,1476.03,9367.59,8516.13,10349.55,0.060559,0.35,0.021196,815858,2235
2026-09-03,BLR-DEL,15,24,6985.23,1419.86,8405.08,7633.31,9260.96,0.060559,0.25,0.01514,582756,1597
2026-09-03,BLR-DEL,30,24,4990.95,1350.33,6341.28,5793.71,6836.0,0.060559,0.15,0.009084,349654,958
2026-09-03,BLR-DEL,45,24,5290.16,1366.39,6656.55,5808.04,7297.49,0.060559,0.1,0.006056,233102,639
2026-09-03,BLR-HYD,1,27,7730.89,1482.33,9213.22,7768.79,10639.86,0.029958,0.15,0.004494,172970,474
2026-09-03,BLR-HYD,7,30,4608.74,1342.24,5950.98,4834.58,6961.22,0.029958,0.35,0.010485,403598,1106
2026-09-03,BLR-HYD,15,30,4134.22,1308.68,5442.9,4486.27,6298.17,0.029958,0.25,0.00749,288284,790
2026-09-03,BLR-HYD,30,30,2938.91,1264.21,4203.12,3418.8,4873.14,0.029958,0.15,0.004494,172970,474
2026-09-03,BLR-HYD,45,30,3096.33,1250.19,4346.51,3565.78,5165.85,0.029958,0.1,0.002996,115314,316
2026-09-03,BOM-BLR,1,20,9662.2,1570.47,11232.67,9622.42,13112.26,0.054135,0.15,0.00812,312561,856
2026-09-03,BOM-BLR,7,24,5897.32,1349.96,7247.28,6080.33,8521.74,0.054135,0.35,0.018947,729308,1998
2026-09-03,BOM-BLR,15,24,5259.2,1323.22,6582.42,5398.62,7800.47,0.054135,0.25,0.013534,520934,1427
2026-09-03,BOM-BLR,30,24,3743.64,1261.71,5005.35,4129.56,5779.16,0.054135,0.15,0.00812,312561,856
2026-09-03,BOM-BLR,45,24,3953.51,1301.35,5254.86,4505.16,6138.74,0.054135,0.1,0.005414,208374,571
2026-09-03,BOM-DEL,1,38,11897.42,1653.78,13551.2,11369.3,15803.32,0.088971,0.15,0.013346,513696,1407
2026-09-03,BOM-DEL,7,42,7274.61,1438.63,8713.24,7189.46,10180.14,0.088971,0.35,0.03114,1198624,3284
2026-09-03,BOM-DEL,15,42,6442.65,1409.05,7851.69,6655.83,9230.66,0.088971,0.25,0.022243,856160,2346
2026-09-03,BOM-DEL,30,42,4592.83,1313.7,5906.53,4908.86,6959.73,0.088971,0.15,0.013346,513696,1407
2026-09-03,BOM-DEL,45,42,4860.59,1320.09,6180.68,4912.14,7310.94,0.088971,0.1,0.008897,342464,938
2026-09-03,BOM-GOI,1,25,8444.46,1498.16,9942.61,8299.56,11559.79,0.019573,0.15,0.002936,113008,310
2026-09-03,BOM-GOI,7,30,5108.54,1325.39,6433.93,5416.64,7361.64,0.019573,0.35,0.006851,263686,722
2026-09-03,BOM-GOI,15,30,4564.78,1297.07,5861.85,4764.97,6828.24,0.019573,0.25,0.004893,188348,516
2026-09-03,BOM-GOI,30,30,3267.9,1259.7,4527.6,3593.54,5202.78,0.019573,0.15,0.002936,113008,310
2026-09-03,BOM-GOI,45,30,3450.29,1251.11,4701.4,4112.84,5573.15,0.019573,0.1,0.001957,75339,206
2026-09-03,BOM-HYD,1,26,8595.13,1482.45,10077.58,8729.07,11316.0,0.03083,0.15,0.004624,178004,488
2026-09-03,BOM-HYD,7,30,5302.97,1338.23,6641.2,5572.1,7762.88,0.03083,0.35,0.01079,415342,1138
2026-09-03,BOM-HYD,15,30,4738.98,1319.23,6058.21,4810.62,7060.47,0.03083,0.25,0.007708,296673,813
2026-09-03,BOM-HYD,30,30,3369.31,1257.04,4626.35,3574.56,5312.63,0.03083,0.15,0.004624,178004,488
2026-09-03,BOM-HYD,45,30,3558.01,1258.05,4816.06,4057.63,5580.09,0.03083,0.1,0.003083,118669,325
2026-09-03,BOM-MAA,1,28,9788.69,1555.19,11343.88,9314.84,12878.98,0.027707,0.15,0.004156,159973,438
2026-09-03,BOM-MAA,7,30,5956.12,1341.31,7297.43,6137.36,8616.58,0.027707,0.35,0.009697,373271,1023
2026-09-03,BOM-MAA,15,30,5298.56,1305.27,6603.82,5594.64,7727.71,0.027707,0.25,0.006927,266622,730
2026-09-03,BOM-MAA,30,30,3764.49,1235.24,4999.73,4199.69,5742.03,0.027707,0.15,0.004156,159973,438
2026-09-03,BOM-MAA,45,30,4038.4,1280.32,5318.73,4438.33,6189.53,0.027707,0.1,0.002771,106649,292
2026-09-03,CCU-BLR,1,28,13174.41,1699.39,14873.8,12497.85,17467.43,0.029775,0.15,0.004466,171912,471
2026-09-03,CCU-BLR,7,30,8045.85,1439.4,9485.25,8075.23,11221.97,0.029775,0.35,0.010421,401128,1099
2026-09-03,CCU-BLR,15,30,7124.88,1379.34,8504.22,6895.47,10195.43,0.029775,0.25,0.007444,286520,785
2026-09-03,CCU-BLR,30,30,5086.82,1247.86,6334.69,5312.82,7545.52,0.029775,0.15,0.004466,171912,471
2026-09-03,CCU-BLR,45,30,5411.5,1275.95,6687.45,5579.59,7866.22,0.029775,0.1,0.002978,114608,314
2026-09-03,CCU-DEL,1,29,12365.29,1620.92,13986.21,11625.33,16354.06,0.035152,0.15,0.005273,202957,556
2026-09-03,CCU-DEL,7,30,7807.45,1430.97,9238.42,7800.37,10723.49,0.035152,0.35,0.012303,473566,1297
2026-09-03,CCU-DEL,15,30,6734.84,1366.45,8101.29,6511.68,9586.72,0.035152,0.25,0.008788,338262,927
2026-09-03,CCU-DEL,30,30,5026.49,1306.38,6332.87,5351.59,7324.48,0.035152,0.15,0.005273,202957,556
2026-09-03,CCU-DEL,45,30,5045.99,1300.5,6346.49,5116.13,7264.42,0.035152,0.1,0.003515,135305,371
2026-09-03,DEL-BLR,1,23,13877.52,1685.28,15562.8,13355.65,18421.32,0.061053,0.15,0.009158,352503,966
2026-09-03,DEL-BLR,7,24,8397.95,1439.85,9837.8,8177.62,11680.79,0.061053,0.35,0.021369,822506,2253
2026-09-03,DEL-BLR,15,24,7459.97,1375.36,8835.33,7276.93,10461.26,0.061053,0.25,0.015263,587504,1610
2026-09-03,DEL-BLR,30,24,5306.44,1295.55,6602.0,5471.32,7844.88,0.061053,0.15,0.009158,352503,966
2026-09-03,DEL-BLR,45,24,5622.07,1325.91,6947.99,5962.22,7947.89,0.061053,0.1,0.006105,235002,644
2026-09-03,DEL-BOM,1,34,11899.88,1635.0,13534.87,11412.27,15543.39,0.089012,0.15,0.013352,513934,1408
2026-09-03,DEL-BOM,7,42,7218.03,1392.92,8610.95,7371.26,10018.75,0.089012,0.35,0.031154,1199180,3285
2026-09-03,DEL-BOM,15,42,6393.8,1350.44,7744.24,6513.78,9069.22,0.089012,0.25,0.022253,856557,2347
2026-09-03,DEL-BOM,30,42,4557.5,1241.27,5798.77,4669.66,6775.61,0.089012,0.15,0.013352,513934,1408
2026-09-03,DEL-BOM,45,42,4797.93,1251.32,6049.25,5007.52,7201.03,0.089012,0.1,0.008901,342623,939
2026-09-03,DEL-CCU,1,24,12626.31,1668.59,14294.9,11822.72,16642.68,0.036822,0.15,0.005523,212601,582
2026-09-03,DEL-CCU,7,30,7991.53,1442.01,9433.54,7874.53,10905.11,0.036822,0.35,0.012888,496069,1359
2026-09-03,DEL-CCU,15,30,6767.5,1349.56,8117.07,6814.25,9537.15,0.036822,0.25,0.009206,354335,971
2026-09-03,DEL-CCU,30,30,5020.0,1300.39,6320.39,5210.61,7490.95,0.036822,0.15,0.005523,212601,582
2026-09-03,DEL-CCU,45,30,5081.06,1280.89,6361.95,5388.33,7403.18,0.036822,0.1,0.003682,141734,388
2026-09-03,DEL-GOI,1,29,14649.31,1743.33,16392.64,13555.65,19305.11,0.020126,0.15,0.003019,116202,318
2026-09-03,DEL-GOI,7,30,9275.34,1460.07,10735.41,9053.03,12810.14,0.020126,0.35,0.007044,271137,743
2026-09-03,DEL-GOI,15,30,7845.9,1415.02,9260.92,7786.01,10570.15,0.020126,0.25,0.005032,193670,531
2026-09-03,DEL-GOI,30,30,5858.72,1293.22,7151.94,5812.65,8276.89,0.020126,0.15,0.003019,116202,318
2026-09-03,DEL-GOI,45,30,5990.1,1339.05,7329.16,6079.98,8510.73,0.020126,0.1,0.002013,77468,212
2026-09-03,DEL-HYD,1,29,10771.7,1547.2,12318.89,10038.81,14474.9,0.04256,0.15,0.006384,245728,673
2026-09-03,DEL-HYD,7,30,6974.37,1350.15,8324.52,6873.04,9765.71,0.04256,0.35,0.014896,573366,1571
2026-09-03,DEL-HYD,15,30,5895.66,1332.13,7227.79,6156.79,8425.25,0.04256,0.25,0.01064,409547,1122
2026-09-03,DEL-HYD,30,30,4409.86,1255.91,5665.77,4527.89,6509.13,0.04256,0.15,0.006384,245728,673
2026-09-03,DEL-HYD,45,30,4483.75,1244.84,5728.59,4718.56,6546.31,0.04256,0.1,0.004256,163819,449
2026-09-03,DEL-MAA,1,25,12849.4,1625.74,14475.14,11879.67,16634.43,0.031972,0.15,0.004796,184596,506
2026-09-03,DEL-MAA,7,30,8140.73,1416.26,9557.0,7792.5,11204.44,0.031972,0.35,0.01119,430725,1180
2026-09-03,DEL-MAA,15,30,6890.77,1363.38,8254.15,7107.54,9540.21,0.031972,0.25,0.007993,307660,843
2026-09-03,DEL-MAA,30,30,5185.71,1264.24,6449.96,5411.39,7404.65,0.031972,0.15,0.004796,184596,506
2026-09-03,DEL-MAA,45,30,5196.01,1318.17,6514.18,5584.76,7609.74,0.031972,0.1,0.003197,123064,337
2026-09-03,DEL-PNQ,1,28,11536.73,1583.88,13120.6,11072.45,15094.24,0.038186,0.15,0.005728,220477,604
2026-09-03,DEL-PNQ,7,30,7284.13,1398.86,8683.0,7183.95,10302.14,0.038186,0.35,0.013365,514447,1409
2026-09-03,DEL-PNQ,15,30,6196.88,1344.26,7541.14,6362.75,8949.48,0.038186,0.25,0.009546,367462,1007
2026-09-03,DEL-PNQ,30,30,4597.27,1261.2,5858.47,4903.9,6829.6,0.038186,0.15,0.005728,220477,604
2026-09-03,DEL-PNQ,45,30,4655.85,1247.0,5902.85,4840.34,6805.71,0.038186,0.1,0.003819,146985,403
2026-09-03,GOI-DEL,1,27,14444.45,1751.74,16196.19,13437.23,18697.23,0.02045,0.15,0.003068,118072,323
2026-09-03,GOI-DEL,7,30,9093.37,1477.95,10571.32,8851.45,12598.91,0.02045,0.35,0.007157,275502,755
2026-09-03,GOI-DEL,15,30,7739.94,1420.02,9159.97,7644.03,10636.81,0.02045,0.25,0.005112,196787,539
2026-09-03,GOI-DEL,30,30,5755.29,1332.94,7088.23,5723.88,8425.34,0.02045,0.15,0.003068,118072,323
2026-09-03,GOI-DEL,45,30,5864.92,1313.07,7177.99,5812.54,8336.1,0.02045,0.1,0.002045,78715,216
2026-09-03,HYD-BLR,1,24,7535.29,1393.53,8928.82,7589.79,10194.0,0.029629,0.15,0.004444,171070,469
2026-09-03,HYD-BLR,7,30,4566.88,1236.83,5803.71,4912.66,6786.92,0.029629,0.35,0.01037,399163,1094
2026-09-03,HYD-BLR,15,30,4030.27,1216.56,5246.83,4191.01,6016.65,0.029629,0.25,0.007407,285116,781
2026-09-03,HYD-BLR,30,30,2895.82,1178.53,4074.35,3303.62,4714.25,0.029629,0.15,0.004444,171070,469
2026-09-03,HYD-BLR,45,30,3060.1,1169.86,4229.96,3636.27,4908.87,0.029629,0.1,0.002963,114047,312
2026-09-03,HYD-BOM,1,28,8546.4,1428.91,9975.31,8641.25,11832.01,0.030308,0.15,0.004546,174988,479
2026-09-03,HYD-BOM,7,30,5197.54,1269.46,6467.0,5344.08,7275.52,0.030308,0.35,0.010608,408306,1119
2026-09-03,HYD-BOM,15,30,4620.52,1269.94,5890.45,4930.13,6692.36,0.030308,0.25,0.007577,291647,799
2026-09-03,HYD-BOM,30,30,3312.82,1178.15,4490.98,3604.25,5262.11,0.030308,0.15,0.004546,174988,479
2026-09-03,HYD-BOM,45,30,3490.24,1201.18,4691.41,3937.17,5394.82,0.030308,0.1,0.003031,116659,320
2026-09-03,HYD-DEL,1,29,10839.71,1598.0,12437.71,10325.48,14244.05,0.043067,0.15,0.00646,248660,681
2026-09-03,HYD-DEL,7,30,6889.56,1363.17,8252.73,6971.54,9574.15,0.043067,0.35,0.015073,580206,1590
2026-09-03,HYD-DEL,15,30,5861.33,1308.26,7169.6,5832.43,8550.71,0.043067,0.25,0.010767,414432,1135
2026-09-03,HYD-DEL,30,30,4394.19,1238.0,5632.19,4807.38,6463.95,0.043067,0.15,0.00646,248660,681
2026-09-03,HYD-DEL,45,30,4428.3,1237.05,5665.35,4432.21,6667.46,0.043067,0.1,0.004307,165773,454
2026-09-03,MAA-BOM,1,28,9550.24,1458.03,11008.27,9220.76,12701.46,0.027186,0.15,0.004078,156966,430
2026-09-03,MAA-BOM,7,30,5884.81,1325.86,7210.66,6120.54,8538.46,0.027186,0.35,0.009515,366253,1003
2026-09-03,MAA-BOM,15,30,5243.73,1285.79,6529.52,5366.43,7638.18,0.027186,0.25,0.006796,261610,717
2026-09-03,MAA-BOM,30,30,3735.28,1213.94,4949.23,4071.32,5884.56,0.027186,0.15,0.004078,156966,430
2026-09-03,MAA-BOM,45,30,3912.5,1215.12,5127.62,4402.1,5964.99,0.027186,0.1,0.002719,104644,287
2026-09-03,MAA-DEL,1,29,12536.49,1642.95,14179.44,11599.1,16804.07,0.03175,0.15,0.004762,183318,502
2026-09-03,MAA-DEL,7,30,8010.53,1397.81,9408.34,7872.26,11296.14,0.03175,0.35,0.011112,427742,1172
2026-09-03,MAA-DEL,15,30,6819.39,1390.04,8209.43,6867.92,9630.79,0.03175,0.25,0.007938,305530,837
2026-09-03,MAA-DEL,30,30,5114.28,1291.2,6405.48,5372.64,7430.97,0.03175,0.15,0.004762,183318,502
2026-09-03,MAA-DEL,45,30,5140.3,1277.2,6417.5,5415.31,7360.77,0.03175,0.1,0.003175,122212,335
2026-09-03,PNQ-DEL,1,28,11497.87,1577.45,13075.33,11106.33,15308.5,0.037779,0.15,0.005667,218129,598
2026-09-03,PNQ-DEL,7,30,7372.17,1403.88,8776.05,7520.94,10165.02,0.037779,0.35,0.013223,508969,1394
2026-09-03,PNQ-DEL,15,30,6281.72,1336.28,7618.0,6443.99,8885.97,0.037779,0.25,0.009445,363549,996
2026-09-03,PNQ-DEL,30,30,4683.98,1242.62,5926.6,4728.16,6860.91,0.037779,0.15,0.005667,218129,598
2026-09-03,PNQ-DEL,45,30,4740.5,1253.23,5993.72,4888.94,6853.72,0.037779,0.1,0.003778,145420,398
2026-09-04,BLR-BOM,1,22,8216.09,1519.2,9735.29,8282.57,10767.47,0.052761,0.15,0.007914,304626,835
2026-09-04,BLR-BOM,7,24,6619.34,1446.46,8065.8,6619.32,9037.87,0.052761,0.35,0.018466,710793,1947
2026-09-04,BLR-BOM,15,24,4478.04,1340.08,5818.12,4809.99,6489.33,0.052761,0.25,0.01319,507709,1391
2026-09-04,BLR-BOM,30,24,4201.78,1290.62,5492.4,4624.24,6027.82,0.052761,0.15,0.007914,304626,835
2026-09-04,BLR-BOM,45,24,3898.63,1302.49,5201.11,4342.72,5778.23,0.052761,0.1,0.005276,203084,556
2026-09-04,BLR-CCU,1,29,11585.87,1681.39,13267.26,11198.38,15771.24,0.030679,0.15,0.004602,177135,485
2026-09-04,BLR-CCU,7,30,9347.22,1565.42,10912.64,9111.59,12836.16,0.030679,0.35,0.010738,413315,1132
2026-09-04,BLR-CCU,15,30,6201.43,1387.09,7588.52,6363.04,8938.49,0.030679,0.25,0.00767,295225,809
2026-09-04,BLR-CCU,30,30,5904.44,1404.34,7308.78,6054.83,8552.26,0.030679,0.15,0.004602,177135,485
2026-09-04,BLR-CCU,45,30,5465.05,1350.66,6815.71,5635.92,7896.58,0.030679,0.1,0.003068,118090,324
2026-09-04,BLR-DEL,1,23,11379.94,1700.84,13080.78,12013.56,14367.15,0.060559,0.15,0.009084,349654,958
2026-09-04,BLR-DEL,7,24,9044.46,1581.87,10626.33,9697.14,11782.52,0.060559,0.35,0.021196,815858,2235
2026-09-04,BLR-DEL,15,24,6116.57,1453.21,7569.79,6789.45,8284.99,0.060559,0.25,0.01514,582756,1597
2026-09-04,BLR-DEL,30,24,5709.96,1355.37,7065.33,6437.48,7916.0,0.060559,0.15,0.009084,349654,958
2026-09-04,BLR-DEL,45,24,5317.64,1386.17,6703.81,5916.23,7403.15,0.060559,0.1,0.006056,233102,639
2026-09-04,BLR-HYD,1,27,6667.14,1447.88,8115.02,6861.91,9569.25,0.029958,0.15,0.004494,172970,474
2026-09-04,BLR-HYD,7,30,5339.96,1363.53,6703.49,5461.38,7643.53,0.029958,0.35,0.010485,403598,1106
2026-09-04,BLR-HYD,15,30,3619.7,1269.03,4888.73,3913.91,5488.07,0.029958,0.25,0.00749,288284,790
2026-09-04,BLR-HYD,30,30,3367.82,1287.14,4654.96,3837.74,5527.41,0.029958,0.15,0.004494,172970,474
2026-09-04,BLR-HYD,45,30,3104.87,1256.5,4361.36,3415.7,5019.24,0.029958,0.1,0.002996,115314,316
2026-09-04,BOM-BLR,1,22,8430.26,1483.62,9913.89,8070.46,11803.53,0.054135,0.15,0.00812,312561,856
2026-09-04,BOM-BLR,7,24,6811.02,1414.6,8225.62,7040.22,9506.74,0.054135,0.35,0.018947,729308,1998
2026-09-04,BOM-BLR,15,24,4606.09,1307.69,5913.78,5057.8,6984.1,0.054135,0.25,0.013534,520934,1427
2026-09-04,BOM-BLR,30,24,4335.46,1307.3,5642.77,4738.54,6652.33,0.054135,0.15,0.00812,312561,856
2026-09-04,BOM-BLR,45,24,3934.82,1299.25,5234.07,4177.61,6131.04,0.054135,0.1,0.005414,208374,571
2026-09-04,BOM-DEL,1,36,10401.25,1582.81,11984.06,10011.35,13848.48,0.088971,0.15,0.013346,513696,1407
2026-09-04,BOM-DEL,7,42,8327.04,1501.29,9828.33,8261.86,11603.16,0.088971,0.35,0.03114,1198624,3284
2026-09-04,BOM-DEL,15,42,5622.24,1343.92,6966.15,5580.39,8243.07,0.088971,0.25,0.022243,856160,2346
2026-09-04,BOM-DEL,30,42,5302.18,1326.37,6628.54,5521.82,7623.6,0.088971,0.15,0.013346,513696,1407
2026-09-04,BOM-DEL,45,42,4854.33,1332.64,6186.97,5158.89,7272.33,0.088971,0.1,0.008897,342464,938
2026-09-04,BOM-GOI,1,28,7340.22,1445.62,8785.84,7577.54,10243.01,0.019573,0.15,0.002936,113008,310
2026-09-04,BOM-GOI,7,30,5929.93,1372.19,7302.12,6042.17,8453.52,0.019573,0.35,0.006851,263686,722
2026-09-04,BOM-GOI,15,30,3953.99,1276.23,5230.22,4348.23,6019.52,0.019573,0.25,0.004893,188348,516
2026-09-04,BOM-GOI,30,30,3750.86,1266.04,5016.9,4342.28,5782.46,0.019573,0.15,0.002936,113008,310
2026-09-04,BOM-GOI,45,30,3465.28,1218.12,4683.39,4037.33,5451.38,0.019573,0.1,0.001957,75339,206
2026-09-04,BOM-HYD,1,27,7640.22,1457.6,9097.82,7536.93,10560.37,0.03083,0.15,0.004624,178004,488
2026-09-04,BOM-HYD,7,30,6102.32,1392.64,7494.96,6318.23,8889.31,0.03083,0.35,0.01079,415342,1138
2026-09-04,BOM-HYD,15,30,4083.1,1283.34,5366.44,4451.26,6121.05,0.03083,0.25,0.007708,296673,813
2026-09-04,BOM-HYD,30,30,3879.05,1272.96,5152.01,4299.02,5912.99,0.03083,0.15,0.004624,178004,488
2026-09-04,BOM-HYD,45,30,3562.97,1262.41,4825.38,3966.03,5555.12,0.03083,0.1,0.003083,118669,325
2026-09-04,BOM-MAA,1,29,8534.08,1511.13,10045.21,8286.02,11581.19,0.027707,0.15,0.004156,159973,438
2026-09-04,BOM-MAA,7,30,6845.73,1401.25,8246.97,6838.98,9670.8,0.027707,0.35,0.009697,373271,1023
2026-09-04,BOM-MAA,15,30,4636.47,1281.49,5917.96,4998.5,6830.98,0.027707,0.25,0.006927,266622,730
2026-09-04,BOM-MAA,30,30,4343.49,1304.19,5647.68,4597.16,6688.62,0.027707,0.15,0.004156,159973,438
2026-09-04,BOM-MAA,45,30,3987.58,1250.7,5238.28,4394.41,6100.64,0.027707,0.1,0.002771,106649,292
2026-09-04,CCU-BLR,1,29,11384.62,1568.47,12953.09,10942.71,15192.05,0.029775,0.15,0.004466,171912,471
2026-09-04,CCU-BLR,7,30,9332.63,1497.85,10830.48,9146.27,12715.58,0.029775,0.35,0.010421,401128,1099
2026-09-04,CCU-BLR,15,30,6191.19,1318.2,7509.39,6374.16,8832.89,0.029775,0.25,0.007444,286520,785
2026-09-04,CCU-BLR,30,30,5848.13,1316.33,7164.46,5917.33,8475.98,0.029775,0.15,0.004466,171912,471
2026-09-04,CCU-BLR,45,30,5325.17,1298.92,6624.09,5620.05,7775.41,0.029775,0.1,0.002978,114608,314
2026-09-04,CCU-DEL,1,29,11302.92,1593.03,12895.95,10962.03,14930.53,0.035152,0.15,0.005273,202957,556
2026-09-04,CCU-DEL,7,30,8654.2,1450.97,10105.16,8396.84,11650.2,0.035152,0.35,0.012303,473566,1297
2026-09-04,CCU-DEL,15,30,6055.04,1324.93,7379.97,6056.27,8493.04,0.035152,0.25,0.008788,338262,927
2026-09-04,CCU-DEL,30,30,5509.36,1305.24,6814.6,5798.79,7957.91,0.035152,0.15,0.005273,202957,556
2026-09-04,CCU-DEL,45,30,5047.68,1294.35,6342.03,5149.19,7333.85,0.035152,0.1,0.003515,135305,371
2026-09-04,DEL-BLR,1,24,11992.79,1645.08,13637.87,11786.36,16169.66,0.061053,0.15,0.009158,352503,966
2026-09-04,DEL-BLR,7,24,9594.82,1492.15,11086.98,9316.5,13048.97,0.061053,0.35,0.021369,822506,2253
2026-09-04,DEL-BLR,15,24,6439.05,1354.38,7793.43,6397.2,9302.74,0.061053,0.25,0.015263,587504,1610
2026-09-04,DEL-BLR,30,24,6057.0,1321.78,7378.78,6381.07,8923.87,0.061053,0.15,0.009158,352503,966
2026-09-04,DEL-BLR,45,24,5556.8,1296.7,6853.51,5793.7,8127.52,0.061053,0.1,0.006105,235002,644
2026-09-04,DEL-BOM,1,37,10255.67,1535.57,11791.25,9940.76,13918.41,0.089012,0.15,0.013352,513934,1408
2026-09-04,DEL-BOM,7,42,8260.79,1433.31,9694.1,8065.87,11248.93,0.089012,0.35,0.031154,1199180,3285
2026-09-04,DEL-BOM,15,42,5536.47,1284.22,6820.69,5784.75,7932.94,0.089012,0.25,0.022253,856557,2347
2026-09-04,DEL-BOM,30,42,5239.55,1286.94,6526.49,5227.46,7649.42,0.089012,0.15,0.013352,513934,1408
2026-09-04,DEL-BOM,45,42,4820.87,1271.74,6092.61,5133.82,7145.16,0.089012,0.1,0.008901,342623,939
2026-09-04,DEL-CCU,1,27,11237.63,1535.65,12773.28,10690.07,15093.05,0.036822,0.15,0.005523,212601,582
2026-09-04,DEL-CCU,7,30,8699.49,1455.03,10154.51,8232.44,11624.39,0.036822,0.35,0.012888,496069,1359
2026-09-04,DEL-CCU,15,30,6161.05,1316.4,7477.45,6140.9,8823.56,0.036822,0.25,0.009206,354335,971
2026-09-04,DEL-CCU,30,30,5582.45,1297.53,6879.98,5720.28,7860.38,0.036822,0.15,0.005523,212601,582
2026-09-04,DEL-CCU,45,30,5121.47,1277.12,6398.59,5309.73,7405.53,0.036822,0.1,0.003682,141734,388
2026-09-04,DEL-GOI,1,26,13187.91,1652.42,14840.33,12390.07,17623.7,0.020126,0.15,0.003019,116202,318
2026-09-04,DEL-GOI,7,30,10201.94,1521.68,11723.61,10057.04,13360.29,0.020126,0.35,0.007044,271137,743
2026-09-04,DEL-GOI,15,30,7157.14,1370.79,8527.93,7253.66,9724.49,0.020126,0.25,0.005032,193670,531
2026-09-04,DEL-GOI,30,30,6492.17,1339.7,7831.87,6392.87,9154.6,0.020126,0.15,0.003019,116202,318
2026-09-04,DEL-GOI,45,30,5976.14,1329.2,7305.35,6015.67,8401.83,0.020126,0.1,0.002013,77468,212
2026-09-04,DEL-HYD,1,27,9951.64,1519.52,11471.17,9519.24,13594.71,0.04256,0.15,0.006384,245728,673
2026-09-04,DEL-HYD,7,30,7625.19,1423.81,9049.0,7643.12,10509.38,0.04256,0.35,0.014896,573366,1571
2026-09-04,DEL-HYD,15,30,5346.74,1286.13,6632.87,5571.1,7838.18,0.04256,0.25,0.01064,409547,1122
2026-09-04,DEL-HYD,30,30,4871.64,1269.1,6140.74,5103.17,7159.93,0.04256,0.15,0.006384,245728,673
2026-09-04,DEL-HYD,45,30,4458.47,1223.11,5681.58,4611.45,6779.9,0.04256,0.1,0.004256,163819,449
2026-09-04,DEL-MAA,1,28,11471.36,1601.6,13072.96,10744.54,15598.63,0.031972,0.15,0.004796,184596,506
2026-09-04,DEL-MAA,7,30,8980.39,1476.58,10456.97,8800.38,12361.88,0.031972,0.35,0.01119,430725,1180
2026-09-04,DEL-MAA,15,30,6257.91,1315.35,7573.26,6322.4,8885.3,0.031972,0.25,0.007993,307660,843
2026-09-04,DEL-MAA,30,30,5674.07,1282.76,6956.83,5718.85,8186.3,0.031972,0.15,0.004796,184596,506
2026-09-04,DEL-MAA,45,30,5189.8,1253.28,6443.08,5393.94,7587.64,0.031972,0.1,0.003197,123064,337
2026-09-04,DEL-PNQ,1,28,10418.03,1562.76,11980.8,10165.26,14025.1,0.038186,0.15,0.005728,220477,604
2026-09-04,DEL-PNQ,7,30,8023.8,1436.26,9460.06,7978.4,10999.15,0.038186,0.35,0.013365,514447,1409
2026-09-04,DEL-PNQ,15,30,5666.18,1308.11,6974.29,5792.14,8110.31,0.038186,0.25,0.009546,367462,1007
2026-09-04,DEL-PNQ,30,30,5047.55,1269.99,6317.55,5302.33,7256.09,0.038186,0.15,0.005728,220477,604
2026-09-04,DEL-PNQ,45,30,4684.33,1261.49,5945.82,5064.93,6972.31,0.038186,0.1,0.003819,146985,403
2026-09-04,GOI-DEL,1,29,13038.81,1694.49,14733.3,12409.91,17014.75,0.02045,0.15,0.003068,118072,323
2026-09-04,GOI-DEL,7,30,10069.02,1503.47,11572.5,9611.15,13694.45,0.02045,0.35,0.007157,275502,755
2026-09-04,GOI-DEL,15,30,7085.75,1380.78,8466.53,6978.39,9796.63,0.02045,0.25,0.005112,196787,539
2026-09-04,GOI-DEL,30,30,6351.78,1332.24,7684.02,6205.92,8912.49,0.02045,0.15,0.003068,118072,323
2026-09-04,GOI-DEL,45,30,5800.9,1341.51,7142.41,6002.27,8520.91,0.02045,0.1,0.002045,78715,216
2026-09-04,HYD-BLR,1,25,6569.94,1352.03,7921.97,6702.77,8997.63,0.029629,0.15,0.004444,171070,469
2026-09-04,HYD-BLR,7,30,5248.1,1300.75,6548.85,5620.66,7577.04,0.029629,0.35,0.01037,399163,1094
2026-09-04,HYD-BLR,15,30,3531.06,1190.8,4721.87,3889.13,5403.68,0.029629,0.25,0.007407,285116,781
2026-09-04,HYD-BLR,30,30,3318.54,1183.78,4502.32,3679.95,5294.97,0.029629,0.15,0.004444,171070,469
2026-09-04,HYD-BLR,45,30,3052.5,1181.13,4233.63,3588.74,4941.42,0.029629,0.1,0.002963,114047,312
2026-09-04,HYD-BOM,1,29,7500.98,1385.53,8886.5,7419.78,10311.83,0.030308,0.15,0.004546,174988,479
2026-09-04,HYD-BOM,7,30,6011.67,1336.57,7348.24,6258.43,8607.72,0.030308,0.35,0.010608,408306,1119
2026-09-04,HYD-BOM,15,30,4037.98,1216.22,5254.2,4213.82,6188.28,0.030308,0.25,0.007577,291647,799
2026-09-04,HYD-BOM,30,30,3783.15,1189.41,4972.56,4187.29,5927.85,0.030308,0.15,0.004546,174988,479
2026-09-04,HYD-BOM,45,30,3500.3,1214.84,4715.14,4071.3,5495.94,0.030308,0.1,0.003031,116659,320
2026-09-04,HYD-DEL,1,26,9866.73,1518.53,11385.26,9521.86,13321.96,0.043067,0.15,0.00646,248660,681
2026-09-04,HYD-DEL,7,30,7510.11,1388.26,8898.37,7321.97,10426.53,0.043067,0.35,0.015073,580206,1590
2026-09-04,HYD-DEL,15,30,5335.51,1257.84,6593.35,5576.02,7783.37,0.043067,0.25,0.010767,414432,1135
2026-09-04,HYD-DEL,30,30,4786.34,1229.02,6015.36,5077.72,7032.58,0.043067,0.15,0.00646,248660,681
2026-09-04,HYD-DEL,45,30,4419.67,1234.32,5653.99,4524.72,6720.95,0.043067,0.1,0.004307,165773,454
2026-09-04,MAA-BOM,1,27,8453.29,1446.53,9899.82,8292.84,11645.1,0.027186,0.15,0.004078,156966,430
2026-09-04,MAA-BOM,7,30,6826.22,1360.3,8186.52,6988.04,9474.29,0.027186,0.35,0.009515,366253,1003
2026-09-04,MAA-BOM,15,30,4516.9,1220.25,5737.14,4789.36,6621.62,0.027186,0.25,0.006796,261610,717
2026-09-04,MAA-BOM,30,30,4291.51,1219.66,5511.16,4734.79,6296.42,0.027186,0.15,0.004078,156966,430
2026-09-04,MAA-BOM,45,30,3955.41,1225.71,5181.12,4263.73,6054.14,0.027186,0.1,0.002719,104644,287
2026-09-04,MAA-DEL,1,28,11540.35,1616.73,13157.08,10918.78,15255.75,0.03175,0.15,0.004762,183318,502
2026-09-04,MAA-DEL,7,30,8803.08,1441.08,10244.16,8301.51,11859.58,0.03175,0.35,0.011112,427742,1172
2026-09-04,MAA-DEL,15,30,6192.33,1351.37,7543.7,6337.59,8904.13,0.03175,0.25,0.007938,305530,837
2026-09-04,MAA-DEL,30,30,5645.87,1316.41,6962.27,5705.93,8055.33,0.03175,0.15,0.004762,183318,502
2026-09-04,MAA-DEL,45,30,5125.56,1243.0,6368.56,5205.08,7511.74,0.03175,0.1,0.003175,122212,335
2026-09-04,PNQ-DEL,1,27,10649.39,1526.69,12176.08,10331.93,14278.09,0.037779,0.15,0.005667,218129,598
2026-09-04,PNQ-DEL,7,30,8107.95,1458.34,9566.29,7652.21,11128.43,0.037779,0.35,0.013223,508969,1394
2026-09-04,PNQ-DEL,15,30,5719.42,1299.87,7019.28,5610.74,8167.67,0.037779,0.25,0.009445,363549,996
2026-09-04,PNQ-DEL,30,30,5139.49,1310.51,6450.0,5129.77,7628.47,0.037779,0.15,0.005667,218129,598
2026-09-04,PNQ-DEL,45,30,4722.77,1238.82,5961.6,5034.44,6850.24,0.037779,0.1,0.003778,145420,398
2026-09-05,BLR-BOM,1,22,9532.37,1569.47,11101.84,9430.14,12271.77,0.052761,0.15,0.007914,304626,835
2026-09-05,BLR-BOM,7,24,5798.85,1407.34,7206.18,5907.98,7933.77,0.052761,0.35,0.018466,710793,1947
2026-09-05,BLR-BOM,15,24,5172.91,1376.08,6548.98,5473.36,7298.0,0.052761,0.25,0.01319,507709,1391
2026-09-05,BLR-BOM,30,24,4232.46,1326.78,5559.24,4608.56,6173.91,0.052761,0.15,0.007914,304626,835
2026-09-05,BLR-BOM,45,24,3403.24,1279.96,4683.2,3954.57,5104.97,0.052761,0.1,0.005276,203084,556
2026-09-05,BLR-CCU,1,26,13331.03,1758.87,15089.9,12459.8,17674.52,0.030679,0.15,0.004602,177135,485
2026-09-05,BLR-CCU,7,30,8131.0,1522.8,9653.8,8081.01,11231.46,0.030679,0.35,0.010738,413315,1132
2026-09-05,BLR-CCU,15,30,7255.57,1472.47,8728.04,7319.05,10141.48,0.030679,0.25,0.00767,295225,809
2026-09-05,BLR-CCU,30,30,5919.68,1379.8,7299.48,6149.43,8580.64,0.030679,0.15,0.004602,177135,485
2026-09-05,BLR-CCU,45,30,4725.26,1352.79,6078.05,4998.26,7184.94,0.030679,0.1,0.003068,118090,324
2026-09-05,BLR-DEL,1,22,12837.38,1781.47,14618.86,13400.4,16012.67,0.060559,0.15,0.009084,349654,958
2026-09-05,BLR-DEL,7,24,7890.96,1500.57,9391.53,8741.57,10364.43,0.060559,0.35,0.021196,815858,2235
2026-09-05,BLR-DEL,15,24,7046.33,1478.4,8524.73,7685.82,9317.97,0.060559,0.25,0.01514,582756,1597
2026-09-05,BLR-DEL,30,24,5755.29,1398.39,7153.68,6276.15,7960.19,0.060559,0.15,0.009084,349654,958
2026-09-05,BLR-DEL,45,24,4614.86,1338.2,5953.06,5466.75,6521.88,0.060559,0.1,0.006056,233102,639
2026-09-05,BLR-HYD,1,28,7600.0,1482.11,9082.12,7692.41,10455.3,0.029958,0.15,0.004494,172970,474
2026-09-05,BLR-HYD,7,30,4669.38,1317.39,5986.78,4845.88,6897.28,0.029958,0.35,0.010485,403598,1106
2026-09-05,BLR-HYD,15,30,4131.91,1298.2,5430.1,4553.44,6247.2,0.029958,0.25,0.00749,288284,790
2026-09-05,BLR-HYD,30,30,3406.38,1294.09,4700.46,3917.38,5266.22,0.029958,0.15,0.004494,172970,474
2026-09-05,BLR-HYD,45,30,2683.55,1224.75,3908.3,3223.92,4601.58,0.029958,0.1,0.002996,115314,316
2026-09-05,BOM-BLR,1,22,9760.65,1558.26,11318.92,9393.17,13258.61,0.054135,0.15,0.00812,312561,856
2026-09-05,BOM-BLR,7,24,5924.75,1397.59,7322.34,6106.04,8726.62,0.054135,0.35,0.018947,729308,1998
2026-09-05,BOM-BLR,15,24,5250.76,1326.84,6577.61,5401.11,7797.66,0.054135,0.25,0.013534,520934,1427
2026-09-05,BOM-BLR,30,24,4314.69,1305.11,5619.8,4858.73,6548.93,0.054135,0.15,0.00812,312561,856
2026-09-05,BOM-BLR,45,24,3451.64,1249.31,4700.95,3833.05,5525.05,0.054135,0.1,0.005414,208374,571
2026-09-05,BOM-DEL,1,40,11913.11,1689.1,13602.21,11312.15,16047.75,0.088971,0.15,0.013346,513696,1407
2026-09-05,BOM-DEL,7,42,7295.41,1416.84,8712.25,7331.4,10045.33,0.088971,0.35,0.03114,1198624,3284
2026-09-05,BOM-DEL,15,42,6439.82,1397.69,7837.51,6572.12,9117.43,0.088971,0.25,0.022243,856160,2346
2026-09-05,BOM-DEL,30,42,5312.26,1337.05,6649.31,5451.37,7755.64,0.088971,0.15,0.013346,513696,1407
2026-09-05,BOM-DEL,45,42,4217.06,1283.5,5500.56,4600.37,6454.72,0.088971,0.1,0.008897,342464,938
2026-09-05,BOM-GOI,1,28,8520.87,1510.06,10030.93,8228.18,11596.49,0.019573,0.15,0.002936,113008,310
2026-09-05,BOM-GOI,7,30,5121.65,1347.78,6469.43,5275.88,7602.55,0.019573,0.35,0.006851,263686,722
2026-09-05,BOM-GOI,15,30,4570.83,1308.1,5878.93,4978.2,6863.53,0.019573,0.25,0.004893,188348,516
2026-09-05,BOM-GOI,30,30,3764.11,1287.76,5051.87,4251.03,5821.69,0.019573,0.15,0.002936,113008,310
2026-09-05,BOM-GOI,45,30,2969.75,1249.78,4219.53,3392.24,4901.86,0.019573,0.1,0.001957,75339,206
2026-09-05,BOM-HYD,1,27,8660.03,1487.69,10147.72,8569.75,11853.28,0.03083,0.15,0.004624,178004,488
2026-09-05,BOM-HYD,7,30,5319.93,1360.29,6680.21,5555.39,7868.31,0.03083,0.35,0.01079,415342,1138
2026-09-05,BOM-HYD,15,30,4732.63,1307.84,6040.47,5090.54,6960.74,0.03083,0.25,0.007708,296673,813
2026-09-05,BOM-HYD,30,30,3868.81,1279.18,5147.99,4436.42,5981.52,0.03083,0.15,0.004624,178004,488
2026-09-05,BOM-HYD,45,30,3067.71,1245.09,4312.8,3547.17,4970.41,0.03083,0.1,0.003083,118669,325
2026-09-05,BOM-MAA,1,28,9710.87,1574.19,11285.06,9664.08,13262.04,0.027707,0.15,0.004156,159973,438
2026-09-05,BOM-MAA,7,30,5980.15,1389.57,7369.72,6120.43,8547.25,0.027707,0.35,0.009697,373271,1023
2026-09-05,BOM-MAA,15,30,5277.49,1343.03,6620.52,5451.2,7842.86,0.027707,0.25,0.006927,266622,730
2026-09-05,BOM-MAA,30,30,4348.72,1293.18,5641.9,4571.33,6412.84,0.027707,0.15,0.004156,159973,438
2026-09-05,BOM-MAA,45,30,3464.17,1265.91,4730.09,3924.15,5555.36,0.027707,0.1,0.002771,106649,292
2026-09-05,CCU-BLR,1,28,13091.54,1704.41,14795.96,12365.85,17105.68,0.029775,0.15,0.004466,171912,471
2026-09-05,CCU-BLR,7,30,8040.57,1440.34,9480.91,7769.83,11243.8,0.029775,0.35,0.010421,401128,1099
2026-09-05,CCU-BLR,15,30,7138.49,1372.29,8510.78,7142.31,10035.46,0.029775,0.25,0.007444,286520,785
2026-09-05,CCU-BLR,30,30,5822.53,1313.58,7136.11,5836.85,8371.12,0.029775,0.15,0.004466,171912,471
2026-09-05,CCU-BLR,45,30,4673.43,1261.23,5934.66,4946.95,7022.93,0.029775,0.1,0.002978,114608,314
2026-09-05,CCU-DEL,1,28,12399.81,1645.85,14045.66,11554.25,16341.34,0.035152,0.15,0.005273,202957,556
2026-09-05,CCU-DEL,7,30,7882.59,1418.86,9301.45,7783.82,10966.79,0.035152,0.35,0.012303,473566,1297
2026-09-05,CCU-DEL,15,30,6719.37,1356.74,8076.11,6653.02,9514.04,0.035152,0.25,0.008788,338262,927
2026-09-05,CCU-DEL,30,30,5503.37,1292.27,6795.64,5658.97,8032.39,0.035152,0.15,0.005273,202957,556
2026-09-05,CCU-DEL,45,30,4618.45,1266.75,5885.2,4837.69,6866.63,0.035152,0.1,0.003515,135305,371
2026-09-05,DEL-BLR,1,23,13683.17,1731.09,15414.26,12761.03,18118.57,0.061053,0.15,0.009158,352503,966
2026-09-05,DEL-BLR,7,24,8388.99,1428.51,9817.5,7890.83,11598.55,0.061053,0.35,0.021369,822506,2253
2026-09-05,DEL-BLR,15,24,7483.2,1402.13,8885.33,7347.46,10607.09,0.061053,0.25,0.015263,587504,1610
2026-09-05,DEL-BLR,30,24,6138.44,1340.18,7478.63,6378.11,8760.54,0.061053,0.15,0.009158,352503,966
2026-09-05,DEL-BLR,45,24,4846.69,1295.88,6142.58,4892.31,7133.08,0.061053,0.1,0.006105,235002,644
2026-09-05,DEL-BOM,1,40,11715.22,1603.76,13318.98,11310.11,15731.23,0.089012,0.15,0.013352,513934,1408
2026-09-05,DEL-BOM,7,42,7188.47,1387.43,8575.89,7094.57,10102.11,0.089012,0.35,0.031154,1199180,3285
2026-09-05,DEL-BOM,15,42,6364.63,1352.58,7717.22,6409.0,9050.68,0.089012,0.25,0.022253,856557,2347
2026-09-05,DEL-BOM,30,42,5253.19,1271.29,6524.47,5520.76,7521.26,0.089012,0.15,0.013352,513934,1408
2026-09-05,DEL-BOM,45,42,4199.03,1234.31,5433.34,4482.14,6288.16,0.089012,0.1,0.008901,342623,939
2026-09-05,DEL-CCU,1,29,12343.8,1618.96,13962.76,11862.25,16648.49,0.036822,0.15,0.005523,212601,582
2026-09-05,DEL-CCU,7,30,7953.48,1460.32,9413.8,7783.13,11094.05,0.036822,0.35,0.012888,496069,1359
2026-09-05,DEL-CCU,15,30,6755.24,1345.99,8101.23,6769.75,9633.59,0.036822,0.25,0.009206,354335,971
2026-09-05,DEL-CCU,30,30,5555.07,1297.2,6852.28,5730.2,8027.91,0.036822,0.15,0.005523,212601,582
2026-09-05,DEL-CCU,45,30,4650.1,1253.4,5903.5,4980.49,6754.7,0.036822,0.1,0.003682,141734,388
2026-09-05,DEL-GOI,1,29,14653.57,1722.08,16375.65,13507.56,19091.01,0.020126,0.15,0.003019,116202,318
2026-09-05,DEL-GOI,7,30,9236.36,1472.75,10709.11,8700.23,12745.69,0.020126,0.35,0.007044,271137,743
2026-09-05,DEL-GOI,15,30,7855.18,1409.87,9265.05,7747.29,10866.79,0.020126,0.25,0.005032,193670,531
2026-09-05,DEL-GOI,30,30,6445.81,1354.49,7800.29,6580.11,9244.1,0.020126,0.15,0.003019,116202,318
2026-09-05,DEL-GOI,45,30,5399.25,1303.22,6702.47,5441.14,7949.36,0.020126,0.1,0.002013,77468,212
2026-09-05,DEL-HYD,1,25,10978.99,1597.07,12576.06,10536.46,14605.6,0.04256,0.15,0.006384,245728,673
2026-09-05,DEL-HYD,7,30,6984.68,1367.2,8351.88,6824.18,9454.04,0.04256,0.35,0.014896,573366,1571
2026-09-05,DEL-HYD,15,30,5926.24,1313.69,7239.93,6091.49,8425.58,0.04256,0.25,0.01064,409547,1122
2026-09-05,DEL-HYD,30,30,4844.15,1291.77,6135.93,5333.24,7078.27,0.04256,0.15,0.006384,245728,673
2026-09-05,DEL-HYD,45,30,4057.4,1202.61,5260.01,4264.09,6016.64,0.04256,0.1,0.004256,163819,449
2026-09-05,DEL-MAA,1,27,12618.16,1674.47,14292.63,12258.26,16980.03,0.031972,0.15,0.004796,184596,506
2026-09-05,DEL-MAA,7,30,8170.63,1408.94,9579.57,7936.12,11357.68,0.031972,0.35,0.01119,430725,1180
2026-09-05,DEL-MAA,15,30,6887.34,1358.83,8246.17,6803.7,9688.29,0.031972,0.25,0.007993,307660,843
2026-09-05,DEL-MAA,30,30,5659.03,1289.64,6948.68,5660.05,8146.4,0.031972,0.15,0.004796,184596,506
2026-09-05,DEL-MAA,45,30,4715.77,1265.17,5980.93,5058.21,6817.84,0.031972,0.1,0.003197,123064,337
2026-09-05,DEL-PNQ,1,25,11376.43,1586.42,12962.85,11148.94,14906.9,0.038186,0.15,0.005728,220477,604
2026-09-05,DEL-PNQ,7,30,7340.45,1371.14,8711.59,7215.48,10108.04,0.038186,0.35,0.013365,514447,1409
2026-09-05,DEL-PNQ,15,30,6193.75,1314.93,7508.68,6124.2,8551.56,0.038186,0.25,0.009546,367462,1007
2026-09-05,DEL-PNQ,30,30,5125.07,1281.24,6406.31,5263.18,7367.9,0.038186,0.15,0.005728,220477,604
2026-09-05,DEL-PNQ,45,30,4243.91,1242.13,5486.04,4461.77,6550.32,0.038186,0.1,0.003819,146985,403
2026-09-05,GOI-DEL,1,29,14224.19,1721.9,15946.09,13353.16,18683.7,0.02045,0.15,0.003068,118072,323
2026-09-05,GOI-DEL,7,30,9081.9,1468.82,10550.72,8822.39,12375.44,0.02045,0.35,0.007157,275502,755
2026-09-05,GOI-DEL,15,30,7703.85,1423.2,9127.05,7731.25,10861.1,0.02045,0.25,0.005112,196787,539
2026-09-05,GOI-DEL,30,30,6372.33,1319.48,7691.81,6533.22,9134.56,0.02045,0.15,0.003068,118072,323
2026-09-05,GOI-DEL,45,30,5273.09,1309.58,6582.67,5538.55,7720.75,0.02045,0.1,0.002045,78715,216
2026-09-05,HYD-BLR,1,27,7484.26,1385.4,8869.66,7373.87,10044.21,0.029629,0.15,0.004444,171070,469
2026-09-05,HYD-BLR,7,30,4570.54,1254.2,5824.74,4919.39,6862.22,0.029629,0.35,0.01037,399163,1094
2026-09-05,HYD-BLR,15,30,4057.47,1221.65,5279.12,4159.5,6204.61,0.029629,0.25,0.007407,285116,781
2026-09-05,HYD-BLR,30,30,3333.23,1216.23,4549.46,3729.05,5282.23,0.029629,0.15,0.004444,171070,469
2026-09-05,HYD-BLR,45,30,2654.58,1159.62,3814.2,3102.75,4458.7,0.029629,0.1,0.002963,114047,312
2026-09-05,HYD-BOM,1,30,8622.38,1446.51,10068.88,8377.33,11937.17,0.030308,0.15,0.004546,174988,479
2026-09-05,HYD-BOM,7,30,5213.87,1278.76,6492.63,5436.18,7462.41,0.030308,0.35,0.010608,408306,1119
2026-09-05,HYD-BOM,15,30,4643.5,1258.86,5902.37,4966.56,6960.55,0.030308,0.25,0.007577,291647,799
2026-09-05,HYD-BOM,30,30,3791.84,1218.5,5010.35,4220.22,5685.28,0.030308,0.15,0.004546,174988,479
2026-09-05,HYD-BOM,45,30,3042.36,1157.32,4199.69,3551.92,4774.62,0.030308,0.1,0.003031,116659,320
2026-09-05,HYD-DEL,1,23,10860.29,1586.05,12446.33,10398.78,14476.2,0.043067,0.15,0.00646,248660,681
2026-09-05,HYD-DEL,7,30,6878.64,1367.75,8246.39,7049.18,9686.89,0.043067,0.35,0.015073,580206,1590
2026-09-05,HYD-DEL,15,30,5885.42,1309.58,7195.0,5793.07,8547.32,0.043067,0.25,0.010767,414432,1135
2026-09-05,HYD-DEL,30,30,4825.43,1285.73,6111.16,4975.23,7158.89,0.043067,0.15,0.00646,248660,681
2026-09-05,HYD-DEL,45,30,4005.11,1200.77,5205.88,4150.14,6086.25,0.043067,0.1,0.004307,165773,454
2026-09-05,MAA-BOM,1,29,9565.88,1528.8,11094.68,9434.05,13046.29,0.027186,0.15,0.004078,156966,430
2026-09-05,MAA-BOM,7,30,5864.68,1311.75,7176.43,5934.41,8559.67,0.027186,0.35,0.009515,366253,1003
2026-09-05,MAA-BOM,15,30,5234.67,1255.33,6490.0,5236.02,7530.69,0.027186,0.25,0.006796,261610,717
2026-09-05,MAA-BOM,30,30,4308.61,1248.66,5557.28,4620.95,6483.9,0.027186,0.15,0.004078,156966,430
2026-09-05,MAA-BOM,45,30,3450.79,1205.76,4656.55,3769.86,5483.45,0.027186,0.1,0.002719,104644,287
2026-09-05,MAA-DEL,1,27,12539.41,1665.89,14205.3,12099.92,16875.98,0.03175,0.15,0.004762,183318,502
2026-09-05,MAA-DEL,7,30,8072.61,1409.19,9481.8,8130.81,11149.65,0.03175,0.35,0.011112,427742,1172
2026-09-05,MAA-DEL,15,30,6836.9,1376.21,8213.11,6902.92,9362.4,0.03175,0.25,0.007938,305530,837
2026-09-05,MAA-DEL,30,30,5622.69,1290.51,6913.2,5586.49,7993.82,0.03175,0.15,0.004762,183318,502
2026-09-05,MAA-DEL,45,30,4707.32,1247.23,5954.56,4951.65,6999.38,0.03175,0.1,0.003175,122212,335
2026-09-05,PNQ-DEL,1,28,11559.57,1605.55,13165.12,10912.17,15639.26,0.037779,0.15,0.005667,218129,598
2026-09-05,PNQ-DEL,7,30,7390.06,1383.9,8773.96,7316.59,10139.56,0.037779,0.35,0.013223,508969,1394
2026-09-05,PNQ-DEL,15,30,6250.79,1322.75,7573.54,6090.8,8963.03,0.037779,0.25,0.009445,363549,996
2026-09-05,PNQ-DEL,30,30,5118.63,1253.05,6371.68,5349.81,7472.75,0.037779,0.15,0.005667,218129,598
2026-09-05,PNQ-DEL,45,30,4257.26,1232.96,5490.22,4413.2,6476.18,0.037779,0.1,0.003778,145420,398
2026-09-06,BLR-BOM,1,21,9581.43,1579.06,11160.49,9399.72,12265.61,0.052761,0.15,0.007914,304626,835
2026-09-06,BLR-BOM,7,24,6693.37,1446.09,8139.46,6846.01,9083.46,0.052761,0.35,0.018466,710793,1947
2026-09-06,BLR-BOM,15,24,5181.77,1367.19,6548.95,5474.63,7296.8,0.052761,0.25,0.01319,507709,1391
2026-09-06,BLR-BOM,30,24,3691.53,1286.41,4977.94,4258.97,5554.7,0.052761,0.15,0.007914,304626,835
2026-09-06,BLR-BOM,45,24,3394.12,1260.47,4654.59,3839.62,5106.23,0.052761,0.1,0.005276,203084,556
2026-09-06,BLR-CCU,1,28,13360.15,1769.55,15129.71,12503.32,17732.0,0.030679,0.15,0.004602,177135,485
2026-09-06,BLR-CCU,7,30,9335.32,1572.67,10907.99,8857.49,12942.01,0.030679,0.35,0.010738,413315,1132
2026-09-06,BLR-CCU,15,30,7224.54,1429.26,8653.8,7085.21,10027.56,0.030679,0.25,0.00767,295225,809
2026-09-06,BLR-CCU,30,30,5150.21,1353.45,6503.67,5413.13,7535.76,0.030679,0.15,0.004602,177135,485
2026-09-06,BLR-CCU,45,30,4695.8,1338.91,6034.71,4903.2,7002.38,0.030679,0.1,0.003068,118090,324
2026-09-06,BLR-DEL,1,24,12864.02,1742.52,14606.55,13311.67,15911.68,0.060559,0.15,0.009084,349654,958
2026-09-06,BLR-DEL,7,24,9026.55,1554.56,10581.11,9552.29,11365.94,0.060559,0.35,0.021196,815858,2235
2026-09-06,BLR-DEL,15,24,7006.62,1446.31,8452.93,7723.47,9339.78,0.060559,0.25,0.01514,582756,1597
2026-09-06,BLR-DEL,30,24,5010.87,1412.18,6423.06,5878.79,7110.79,0.060559,0.15,0.009084,349654,958
2026-09-06,BLR-DEL,45,24,4605.1,1344.68,5949.78,5440.82,6652.49,0.060559,0.1,0.006056,233102,639
2026-09-06,BLR-HYD,1,29,7609.26,1466.39,9075.66,7608.15,10641.68,0.029958,0.15,0.004494,172970,474
2026-09-06,BLR-HYD,7,30,5348.41,1360.76,6709.17,5730.64,7621.57,0.029958,0.35,0.010485,403598,1106
2026-09-06,BLR-HYD,15,30,4096.83,1311.93,5408.76,4681.9,6295.25,0.029958,0.25,0.00749,288284,790
2026-09-06,BLR-HYD,30,30,2943.95,1252.56,4196.51,3495.15,4861.13,0.029958,0.15,0.004494,172970,474
2026-09-06,BLR-HYD,45,30,2690.75,1211.23,3901.98,3224.53,4559.06,0.029958,0.1,0.002996,115314,316
2026-09-06,BOM-BLR,1,22,9868.81,1573.8,11442.61,9717.85,13454.73,0.054135,0.15,0.00812,312561,856
2026-09-06,BOM-BLR,7,24,6808.2,1421.12,8229.32,7013.3,9747.89,0.054135,0.35,0.018947,729308,1998
2026-09-06,BOM-BLR,15,24,5265.76,1363.33,6629.09,5581.57,7774.69,0.054135,0.25,0.013534,520934,1427
2026-09-06,BOM-BLR,30,24,3764.79,1272.81,5037.6,4182.75,5880.58,0.054135,0.15,0.00812,312561,856
2026-09-06,BOM-BLR,45,24,3416.42,1250.89,4667.3,3894.67,5388.46,0.054135,0.1,0.005414,208374,571
2026-09-06,BOM-DEL,1,38,11822.76,1672.64,13495.4,11265.03,15954.42,0.088971,0.15,0.013346,513696,1407
2026-09-06,BOM-DEL,7,42,8381.66,1495.44,9877.1,8193.69,11554.8,0.088971,0.35,0.03114,1198624,3284
2026-09-06,BOM-DEL,15,42,6450.55,1406.41,7856.96,6694.92,9182.68,0.088971,0.25,0.022243,856160,2346
2026-09-06,BOM-DEL,30,42,4596.64,1319.14,5915.78,4986.85,6893.14,0.088971,0.15,0.013346,513696,1407
2026-09-06,BOM-DEL,45,42,4233.17,1294.93,5528.1,4608.15,6506.8,0.088971,0.1,0.008897,342464,938
2026-09-06,BOM-GOI,1,28,8516.5,1516.74,10033.24,8417.27,11682.9,0.019573,0.15,0.002936,113008,310
2026-09-06,BOM-GOI,7,30,5871.92,1377.83,7249.75,5825.39,8484.44,0.019573,0.35,0.006851,263686,722
2026-09-06,BOM-GOI,15,30,4561.25,1327.62,5888.87,5001.36,6844.41,0.019573,0.25,0.004893,188348,516
2026-09-06,BOM-GOI,30,30,3250.6,1266.06,4516.66,3719.99,5234.44,0.019573,0.15,0.002936,113008,310
2026-09-06,BOM-GOI,45,30,2987.31,1224.9,4212.21,3431.93,4930.13,0.019573,0.1,0.001957,75339,206
2026-09-06,BOM-HYD,1,28,8785.6,1519.88,10305.48,8415.12,12136.06,0.03083,0.15,0.004624,178004,488
2026-09-06,BOM-HYD,7,30,6100.05,1403.91,7503.96,6313.88,8829.26,0.03083,0.35,0.01079,415342,1138
2026-09-06,BOM-HYD,15,30,4696.6,1319.28,6015.88,4906.57,6930.49,0.03083,0.25,0.007708,296673,813
2026-09-06,BOM-HYD,30,30,3345.69,1249.67,4595.36,3676.52,5484.5,0.03083,0.15,0.004624,178004,488
2026-09-06,BOM-HYD,45,30,3068.68,1214.88,4283.57,3491.98,4915.68,0.03083,0.1,0.003083,118669,325
2026-09-06,BOM-MAA,1,28,9821.95,1557.7,11379.66,9529.81,13251.49,0.027707,0.15,0.004156,159973,438
2026-09-06,BOM-MAA,7,30,6877.83,1435.95,8313.78,6947.46,9772.34,0.027707,0.35,0.009697,373271,1023
2026-09-06,BOM-MAA,15,30,5300.17,1316.05,6616.22,5541.51,7563.28,0.027707,0.25,0.006927,266622,730
2026-09-06,BOM-MAA,30,30,3782.54,1266.43,5048.97,4231.88,5939.12,0.027707,0.15,0.004156,159973,438
2026-09-06,BOM-MAA,45,30,3487.27,1245.23,4732.51,4143.01,5421.77,0.027707,0.1,0.002771,106649,292
2026-09-06,CCU-BLR,1,26,13284.1,1688.87,14972.96,12182.98,17655.76,0.029775,0.15,0.004466,171912,471
2026-09-06,CCU-BLR,7,30,9226.03,1479.25,10705.28,8995.27,12672.49,0.029775,0.35,0.010421,401128,1099
2026-09-06,CCU-BLR,15,30,7167.48,1367.1,8534.59,7253.71,9927.96,0.029775,0.25,0.007444,286520,785
2026-09-06,CCU-BLR,30,30,5100.14,1267.04,6367.17,5314.41,7397.35,0.029775,0.15,0.004466,171912,471
2026-09-06,CCU-BLR,45,30,4672.73,1252.77,5925.5,4783.48,6848.68,0.029775,0.1,0.002978,114608,314
2026-09-06,CCU-DEL,1,27,12170.0,1593.31,13763.31,11630.99,15838.91,0.035152,0.15,0.005273,202957,556
2026-09-06,CCU-DEL,7,30,8639.26,1442.86,10082.12,8603.5,11917.53,0.035152,0.35,0.012303,473566,1297
2026-09-06,CCU-DEL,15,30,6699.84,1340.38,8040.22,6660.21,9387.28,0.035152,0.25,0.008788,338262,927
2026-09-06,CCU-DEL,30,30,4986.92,1252.22,6239.14,5005.29,7268.82,0.035152,0.15,0.005273,202957,556
2026-09-06,CCU-DEL,45,30,4587.26,1253.95,5841.21,4963.45,6772.73,0.035152,0.1,0.003515,135305,371
2026-09-06,DEL-BLR,1,21,13567.56,1692.75,15260.3,12797.09,18044.28,0.061053,0.15,0.009158,352503,966
2026-09-06,DEL-BLR,7,24,9607.55,1523.05,11130.61,9359.85,13022.0,0.061053,0.35,0.021369,822506,2253
2026-09-06,DEL-BLR,15,24,7476.21,1389.53,8865.74,7449.27,10490.64,0.061053,0.25,0.015263,587504,1610
2026-09-06,DEL-BLR,30,24,5360.68,1289.49,6650.18,5688.08,7766.12,0.061053,0.15,0.009158,352503,966
2026-09-06,DEL-BLR,45,24,4855.59,1256.86,6112.45,5258.97,7213.97,0.061053,0.1,0.006105,235002,644
2026-09-06,DEL-BOM,1,39,11664.41,1599.36,13263.76,11026.76,15853.41,0.089012,0.15,0.013352,513934,1408
2026-09-06,DEL-BOM,7,42,8225.15,1415.03,9640.17,8093.27,11312.85,0.089012,0.35,0.031154,1199180,3285
2026-09-06,DEL-BOM,15,42,6381.07,1350.21,7731.28,6386.57,9115.67,0.089012,0.25,0.022253,856557,2347
2026-09-06,DEL-BOM,30,42,4517.01,1247.9,5764.91,4879.46,6666.02,0.089012,0.15,0.013352,513934,1408
2026-09-06,DEL-BOM,45,42,4178.62,1224.42,5403.04,4501.4,6323.47,0.089012,0.1,0.008901,342623,939
2026-09-06,DEL-CCU,1,29,12413.26,1639.51,14052.77,11708.61,16642.61,0.036822,0.15,0.005523,212601,582
2026-09-06,DEL-CCU,7,30,8743.21,1452.22,10195.42,8479.68,11891.94,0.036822,0.35,0.012888,496069,1359
2026-09-06,DEL-CCU,15,30,6800.1,1346.61,8146.71,6876.18,9566.2,0.036822,0.25,0.009206,354335,971
2026-09-06,DEL-CCU,30,30,5027.51,1260.21,6287.72,5137.85,7484.41,0.036822,0.15,0.005523,212601,582
2026-09-06,DEL-CCU,45,30,4623.57,1212.89,5836.46,4922.76,6809.13,0.036822,0.1,0.003682,141734,388
2026-09-06,DEL-GOI,1,26,14582.9,1753.02,16335.93,13566.43,19121.62,0.020126,0.15,0.003019,116202,318
2026-09-06,DEL-GOI,7,30,10337.02,1537.73,11874.76,10163.15,13756.85,0.020126,0.35,0.007044,271137,743
2026-09-06,DEL-GOI,15,30,7908.0,1382.16,9290.17,7496.13,10947.97,0.020126,0.25,0.005032,193670,531
2026-09-06,DEL-GOI,30,30,5850.05,1310.13,7160.18,6032.88,8357.95,0.020126,0.15,0.003019,116202,318
2026-09-06,DEL-GOI,45,30,5424.11,1250.75,6674.87,5531.97,7800.42,0.020126,0.1,0.002013,77468,212
2026-09-06,DEL-HYD,1,27,10905.34,1557.31,12462.65,10331.42,14604.02,0.04256,0.15,0.006384,245728,673
2026-09-06,DEL-HYD,7,30,7687.2,1392.74,9079.94,7599.91,10772.28,0.04256,0.35,0.014896,573366,1571
2026-09-06,DEL-HYD,15,30,5945.08,1321.92,7267.0,6247.06,8419.75,0.04256,0.25,0.01064,409547,1122
2026-09-06,DEL-HYD,30,30,4412.79,1223.84,5636.63,4538.97,6577.34,0.04256,0.15,0.006384,245728,673
2026-09-06,DEL-HYD,45,30,4085.25,1232.46,5317.71,4570.63,6152.86,0.04256,0.1,0.004256,163819,449
2026-09-06,DEL-MAA,1,26,12606.64,1658.21,14264.85,11832.09,16850.47,0.031972,0.15,0.004796,184596,506
2026-09-06,DEL-MAA,7,30,8912.86,1467.25,10380.11,8586.33,12198.01,0.031972,0.35,0.01119,430725,1180
2026-09-06,DEL-MAA,15,30,6882.32,1364.54,8246.86,6935.66,9666.67,0.031972,0.25,0.007993,307660,843
2026-09-06,DEL-MAA,30,30,5140.44,1272.44,6412.88,5461.74,7543.7,0.031972,0.15,0.004796,184596,506
2026-09-06,DEL-MAA,45,30,4710.98,1244.8,5955.78,5121.64,6897.81,0.031972,0.1,0.003197,123064,337
2026-09-06,DEL-PNQ,1,29,11425.26,1606.39,13031.65,11122.44,15284.59,0.038186,0.15,0.005728,220477,604
2026-09-06,DEL-PNQ,7,30,8022.41,1411.61,9434.02,7929.79,11058.52,0.038186,0.35,0.013365,514447,1409
2026-09-06,DEL-PNQ,15,30,6226.93,1314.66,7541.59,6473.2,8841.96,0.038186,0.25,0.009546,367462,1007
2026-09-06,DEL-PNQ,30,30,4640.79,1268.82,5909.62,4728.32,6902.87,0.038186,0.15,0.005728,220477,604
2026-09-06,DEL-PNQ,45,30,4236.01,1247.46,5483.47,4544.3,6500.86,0.038186,0.1,0.003819,146985,403
2026-09-06,GOI-DEL,1,28,14214.93,1740.89,15955.81,13581.83,18295.44,0.02045,0.15,0.003068,118072,323
2026-09-06,GOI-DEL,7,30,10015.17,1518.35,11533.53,9395.15,13729.33,0.02045,0.35,0.007157,275502,755
2026-09-06,GOI-DEL,15,30,7781.04,1416.48,9197.52,7613.14,10650.49,0.02045,0.25,0.005112,196787,539
2026-09-06,GOI-DEL,30,30,5758.96,1294.83,7053.79,5955.63,8196.59,0.02045,0.15,0.003068,118072,323
2026-09-06,GOI-DEL,45,30,5297.28,1297.02,6594.29,5535.91,7761.74,0.02045,0.1,0.002045,78715,216
2026-09-06,HYD-BLR,1,26,7563.6,1392.5,8956.1,7439.36,10438.77,0.029629,0.15,0.004444,171070,469
2026-09-06,HYD-BLR,7,30,5238.87,1265.83,6504.7,5491.75,7525.86,0.029629,0.35,0.01037,399163,1094
2026-09-06,HYD-BLR,15,30,4029.71,1231.4,5261.11,4408.31,6285.3,0.029629,0.25,0.007407,285116,781
2026-09-06,HYD-BLR,30,30,2893.67,1155.6,4049.27,3308.7,4592.25,0.029629,0.15,0.004444,171070,469
2026-09-06,HYD-BLR,45,30,2646.89,1140.09,3786.97,3099.62,4401.7,0.029629,0.1,0.002963,114047,312
2026-09-06,HYD-BOM,1,28,8610.61,1430.39,10041.0,7996.53,11675.82,0.030308,0.15,0.004546,174988,479
2026-09-06,HYD-BOM,7,30,6019.34,1299.69,7319.03,5895.01,8408.52,0.030308,0.35,0.010608,408306,1119
2026-09-06,HYD-BOM,15,30,4631.5,1230.69,5862.19,4704.13,6879.92,0.030308,0.25,0.007577,291647,799
2026-09-06,HYD-BOM,30,30,3326.97,1172.5,4499.48,3639.25,5202.54,0.030308,0.15,0.004546,174988,479
2026-09-06,HYD-BOM,45,30,3036.57,1166.31,4202.87,3552.29,4888.02,0.030308,0.1,0.003031,116659,320
2026-09-06,HYD-DEL,1,29,10773.06,1572.23,12345.29,10319.95,14364.77,0.043067,0.15,0.00646,248660,681
2026-09-06,HYD-DEL,7,30,7559.97,1409.71,8969.67,7226.91,10592.8,0.043067,0.35,0.015073,580206,1590
2026-09-06,HYD-DEL,15,30,5859.41,1308.91,7168.32,5758.64,8297.15,0.043067,0.25,0.010767,414432,1135
2026-09-06,HYD-DEL,30,30,4347.89,1240.27,5588.16,4548.39,6585.3,0.043067,0.15,0.00646,248660,681
2026-09-06,HYD-DEL,45,30,3979.48,1222.03,5201.5,4265.87,5938.3,0.043067,0.1,0.004307,165773,454
2026-09-06,MAA-BOM,1,25,9736.53,1536.61,11273.14,9475.55,13050.61,0.027186,0.15,0.004078,156966,430
2026-09-06,MAA-BOM,7,30,6815.41,1379.32,8194.72,6850.71,9648.15,0.027186,0.35,0.009515,366253,1003
2026-09-06,MAA-BOM,15,30,5216.73,1288.09,6504.82,5491.71,7574.11,0.027186,0.25,0.006796,261610,717
2026-09-06,MAA-BOM,30,30,3744.99,1181.67,4926.66,3981.13,5635.0,0.027186,0.15,0.004078,156966,430
2026-09-06,MAA-BOM,45,30,3424.02,1191.65,4615.67,3922.29,5216.39,0.027186,0.1,0.002719,104644,287
2026-09-06,MAA-DEL,1,28,12611.74,1657.88,14269.62,11830.62,16390.36,0.03175,0.15,0.004762,183318,502
2026-09-06,MAA-DEL,7,30,8858.79,1485.63,10344.43,8405.96,12205.15,0.03175,0.35,0.011112,427742,1172
2026-09-06,MAA-DEL,15,30,6838.75,1361.6,8200.35,6755.6,9525.04,0.03175,0.25,0.007938,305530,837
2026-09-06,MAA-DEL,30,30,5096.98,1253.94,6350.92,5205.07,7354.25,0.03175,0.15,0.004762,183318,502
2026-09-06,MAA-DEL,45,30,4663.17,1250.98,5914.15,5029.8,6779.03,0.03175,0.1,0.003175,122212,335
2026-09-06,PNQ-DEL,1,28,11629.03,1574.7,13203.73,10911.49,15285.57,0.037779,0.15,0.005667,218129,598
2026-09-06,PNQ-DEL,7,30,8096.95,1411.85,9508.8,8001.61,11029.94,0.037779,0.35,0.013223,508969,1394
2026-09-06,PNQ-DEL,15,30,6258.91,1314.77,7573.69,6289.08,9001.38,0.037779,0.25,0.009445,363549,996
2026-09-06,PNQ-DEL,30,30,4674.27,1253.8,5928.07,4994.0,6861.03,0.037779,0.15,0.005667,218129,598
2026-09-06,PNQ-DEL,45,30,4282.54,1252.93,5535.46,4605.6,6371.37,0.037779,0.1,0.003778,145420,398
2026-09-07,BLR-BOM,1,45,8234.23,1490.17,9724.41,8155.84,10899.71,0.052761,0.15,0.007914,304626,835
2026-09-07,BLR-BOM,7,48,6666.92,1426.85,8093.77,6772.54,9091.16,0.052761,0.35,0.018466,710793,1947
2026-09-07,BLR-BOM,15,48,4490.88,1343.89,5834.76,4743.03,6536.89,0.052761,0.25,0.01319,507709,1391
2026-09-07,BLR-BOM,30,48,3711.58,1295.11,5006.68,4140.65,5535.11,0.052761,0.15,0.007914,304626,835
2026-09-07,BLR-BOM,45,48,3382.44,1272.38,4654.83,3839.72,5243.68,0.052761,0.1,0.005276,203084,556
2026-09-07,BLR-CCU,1,54,11611.23,1689.98,13301.21,11212.58,15615.08,0.030679,0.15,0.004602,177135,485
2026-09-07,BLR-CCU,7,60,9325.83,1572.14,10897.97,8947.0,12798.69,0.030679,0.35,0.010738,413315,1132
2026-09-07,BLR-CCU,15,60,6278.89,1395.31,7674.19,6303.84,9031.55,0.030679,0.25,0.00767,295225,809
2026-09-07,BLR-CCU,30,60,5140.78,1354.2,6494.97,5210.37,7641.19,0.030679,0.15,0.004602,177135,485
2026-09-07,BLR-CCU,45,60,4731.1,1351.05,6082.15,5015.48,7092.68,0.030679,0.1,0.003068,118090,324
2026-09-07,BLR-DEL,1,45,11278.87,1655.44,12934.31,11720.36,14445.35,0.060559,0.15,0.009084,349654,958
2026-09-07,BLR-DEL,7,48,9060.61,1559.87,10620.48,9565.84,11543.57,0.060559,0.35,0.021196,815858,2235
2026-09-07,BLR-DEL,15,48,6068.37,1390.13,7458.5,6822.37,8310.75,0.060559,0.25,0.01514,582756,1597
2026-09-07,BLR-DEL,30,48,5015.78,1354.0,6369.78,5722.74,6896.93,0.060559,0.15,0.009084,349654,958
2026-09-07,BLR-DEL,45,48,4603.76,1341.28,5945.04,5176.98,6526.03,0.060559,0.1,0.006056,233102,639
2026-09-07,BLR-HYD,1,53,6584.11,1423.56,8007.66,6591.48,9196.62,0.029958,0.15,0.004494,172970,474
2026-09-07,BLR-HYD,7,60,5312.06,1378.85,6690.91,5523.86,8005.05,0.029958,0.35,0.010485,403598,1106
2026-09-07,BLR-HYD,15,60,3568.48,1269.29,4837.77,4179.53,5707.34,0.029958,0.25,0.00749,288284,790
2026-09-07,BLR-HYD,30,60,2934.63,1262.64,4197.27,3483.46,4869.73,0.029958,0.15,0.004494,172970,474
2026-09-07,BLR-HYD,45,60,2704.47,1242.96,3947.43,3223.04,4575.24,0.029958,0.1,0.002996,115314,316
2026-09-07,BOM-BLR,1,44,8384.13,1505.58,9889.7,8338.79,11919.0,0.054135,0.15,0.00812,312561,856
2026-09-07,BOM-BLR,7,48,6789.51,1415.47,8204.98,6746.84,9667.76,0.054135,0.35,0.018947,729308,1998
2026-09-07,BOM-BLR,15,48,4561.65,1300.27,5861.92,4889.14,6940.92,0.054135,0.25,0.013534,520934,1427
2026-09-07,BOM-BLR,30,48,3760.97,1272.84,5033.8,4082.15,6004.65,0.054135,0.15,0.00812,312561,856
2026-09-07,BOM-BLR,45,48,3458.45,1246.75,4705.2,3852.44,5606.1,0.054135,0.1,0.005414,208374,571
2026-09-07,BOM-DEL,1,78,10372.21,1590.98,11963.19,9664.59,14058.7,0.088971,0.15,0.013346,513696,1407
2026-09-07,BOM-DEL,7,84,8370.45,1500.04,9870.49,8132.71,11604.52,0.088971,0.35,0.03114,1198624,3284
2026-09-07,BOM-DEL,15,84,5631.86,1336.35,6968.21,5642.92,7996.37,0.088971,0.25,0.022243,856160,2346
2026-09-07,BOM-DEL,30,84,4598.55,1300.25,5898.8,4711.09,6935.98,0.088971,0.15,0.013346,513696,1407
2026-09-07,BOM-DEL,45,84,4233.2,1293.19,5526.39,4510.44,6447.66,0.088971,0.1,0.008897,342464,938
2026-09-07,BOM-GOI,1,57,7338.67,1443.73,8782.4,7260.1,10190.27,0.019573,0.15,0.002936,113008,310
2026-09-07,BOM-GOI,7,60,5904.5,1378.69,7283.2,6084.8,8460.97,0.019573,0.35,0.006851,263686,722
2026-09-07,BOM-GOI,15,60,3979.26,1275.82,5255.08,4279.63,6051.82,0.019573,0.25,0.004893,188348,516
2026-09-07,BOM-GOI,30,60,3254.11,1238.56,4492.67,3775.21,5251.66,0.019573,0.15,0.002936,113008,310
2026-09-07,BOM-GOI,45,60,2979.35,1223.94,4203.28,3555.31,4932.25,0.019573,0.1,0.001957,75339,206
2026-09-07,BOM-HYD,1,54,7556.9,1443.85,9000.75,7265.22,10625.2,0.03083,0.15,0.004624,178004,488
2026-09-07,BOM-HYD,7,60,6125.15,1394.76,7519.91,6355.41,8633.34,0.03083,0.35,0.01079,415342,1138
2026-09-07,BOM-HYD,15,60,4086.61,1277.69,5364.29,4285.68,6283.23,0.03083,0.25,0.007708,296673,813
2026-09-07,BOM-HYD,30,60,3366.34,1240.02,4606.36,3757.51,5319.26,0.03083,0.15,0.004624,178004,488
2026-09-07,BOM-HYD,45,60,3078.86,1199.27,4278.13,3558.67,5020.67,0.03083,0.1,0.003083,118669,325
2026-09-07,BOM-MAA,1,52,8543.88,1510.93,10054.8,8454.89,11768.58,0.027707,0.15,0.004156,159973,438
2026-09-07,BOM-MAA,7,60,6899.64,1412.8,8312.44,6814.73,9909.87,0.027707,0.35,0.009697,373271,1023
2026-09-07,BOM-MAA,15,60,4610.62,1286.98,5897.6,4942.85,6927.05,0.027707,0.25,0.006927,266622,730
2026-09-07,BOM-MAA,30,60,3786.07,1258.84,5044.91,4064.91,5839.57,0.027707,0.15,0.004156,159973,438
2026-09-07,BOM-MAA,45,60,3478.26,1253.61,4731.87,3935.73,5471.66,0.027707,0.1,0.002771,106649,292
2026-09-07,CCU-BLR,1,52,11445.99,1600.25,13046.23,10970.53,15484.81,0.029775,0.15,0.004466,171912,471
2026-09-07,CCU-BLR,7,60,9227.96,1495.03,10722.99,8776.21,12574.47,0.029775,0.35,0.010421,401128,1099
2026-09-07,CCU-BLR,15,60,6179.58,1331.13,7510.71,6198.51,8746.23,0.029775,0.25,0.007444,286520,785
2026-09-07,CCU-BLR,30,60,5106.18,1278.2,6384.39,5389.88,7543.76,0.029775,0.15,0.004466,171912,471
2026-09-07,CCU-BLR,45,60,4688.85,1257.86,5946.71,4953.09,6903.79,0.029775,0.1,0.002978,114608,314
2026-09-07,CCU-DEL,1,53,11080.29,1572.28,12652.57,10624.63,14906.94,0.035152,0.15,0.005273,202957,556
2026-09-07,CCU-DEL,7,60,8645.04,1447.02,10092.05,8406.79,11879.42,0.035152,0.35,0.012303,473566,1297
2026-09-07,CCU-DEL,15,60,6058.89,1310.21,7369.1,6034.02,8790.18,0.035152,0.25,0.008788,338262,927
2026-09-07,CCU-DEL,30,60,4960.98,1272.7,6233.68,4987.71,7329.31,0.035152,0.15,0.005273,202957,556
2026-09-07,CCU-DEL,45,60,4596.05,1251.25,5847.3,4579.08,6845.19,0.035152,0.1,0.003515,135305,371
2026-09-07,DEL-BLR,1,44,11913.51,1614.44,13527.95,11282.3,16058.03,0.061053,0.15,0.009158,352503,966
2026-09-07,DEL-BLR,7,48,9659.34,1506.42,11165.76,9139.93,13236.19,0.061053,0.35,0.021369,822506,2253
2026-09-07,DEL-BLR,15,48,6505.21,1365.76,7870.97,6536.67,9337.87,0.061053,0.25,0.015263,587504,1610
2026-09-07,DEL-BLR,30,48,5314.91,1283.09,6598.0,5475.01,7912.78,0.061053,0.15,0.009158,352503,966
2026-09-07,DEL-BLR,45,48,4854.31,1265.15,6119.46,5112.83,7256.97,0.061053,0.1,0.006105,235002,644
2026-09-07,DEL-BOM,1,77,10186.82,1533.23,11720.05,9968.94,13621.2,0.089012,0.15,0.013352,513934,1408
2026-09-07,DEL-BOM,7,84,8239.47,1423.24,9662.7,8060.8,11395.08,0.089012,0.35,0.031154,1199180,3285
2026-09-07,DEL-BOM,15,84,5546.68,1295.81,6842.49,5783.46,8083.82,0.089012,0.25,0.022253,856557,2347
2026-09-07,DEL-BOM,30,84,4519.47,1252.94,5772.42,4852.89,6696.48,0.089012,0.15,0.013352,513934,1408
2026-09-07,DEL-BOM,45,84,4197.02,1218.45,5415.47,4446.65,6403.83,0.089012,0.1,0.008901,342623,939
2026-09-07,DEL-CCU,1,55,11330.17,1582.57,12912.73,10546.55,15132.79,0.036822,0.15,0.005523,212601,582
2026-09-07,DEL-CCU,7,60,8782.16,1458.1,10240.27,8504.51,11997.83,0.036822,0.35,0.012888,496069,1359
2026-09-07,DEL-CCU,15,60,6169.84,1338.45,7508.29,6452.75,8863.21,0.036822,0.25,0.009206,354335,971
2026-09-07,DEL-CCU,30,60,5055.58,1283.84,6339.43,5335.06,7431.74,0.036822,0.15,0.005523,212601,582
2026-09-07,DEL-CCU,45,60,4645.81,1246.87,5892.67,4864.5,6965.97,0.036822,0.1,0.003682,141734,388
2026-09-07,DEL-GOI,1,55,13257.07,1692.55,14949.62,12354.4,17507.85,0.020126,0.15,0.003019,116202,318
2026-09-07,DEL-GOI,7,60,10203.65,1517.07,11720.72,9473.81,13849.34,0.020126,0.35,0.007044,271137,743
2026-09-07,DEL-GOI,15,60,7164.46,1410.83,8575.29,7300.07,10124.64,0.020126,0.25,0.005032,193670,531
2026-09-07,DEL-GOI,30,60,5886.83,1315.29,7202.12,6148.17,8488.82,0.020126,0.15,0.003019,116202,318
2026-09-07,DEL-GOI,45,60,5394.93,1286.27,6681.2,5426.37,7928.31,0.020126,0.1,0.002013,77468,212
2026-09-07,DEL-HYD,1,55,9957.43,1510.3,11467.74,9560.09,13634.41,0.04256,0.15,0.006384,245728,673
2026-09-07,DEL-HYD,7,60,7707.8,1422.04,9129.84,7536.13,10539.57,0.04256,0.35,0.014896,573366,1571
2026-09-07,DEL-HYD,15,60,5387.97,1275.89,6663.87,5621.77,7894.31,0.04256,0.25,0.01064,409547,1122
2026-09-07,DEL-HYD,30,60,4424.98,1242.57,5667.55,4552.13,6647.93,0.04256,0.15,0.006384,245728,673
2026-09-07,DEL-HYD,45,60,4060.37,1215.83,5276.2,4324.87,6126.08,0.04256,0.1,0.004256,163819,449
2026-09-07,DEL-MAA,1,56,11491.9,1574.03,13065.93,10822.35,15658.55,0.031972,0.15,0.004796,184596,506
2026-09-07,DEL-MAA,7,60,8964.75,1461.45,10426.2,8759.43,12327.83,0.031972,0.35,0.01119,430725,1180
2026-09-07,DEL-MAA,15,60,6283.76,1350.66,7634.42,6392.72,8939.0,0.031972,0.25,0.007993,307660,843
2026-09-07,DEL-MAA,30,60,5142.82,1288.55,6431.37,5294.09,7510.25,0.031972,0.15,0.004796,184596,506
2026-09-07,DEL-MAA,45,60,4741.3,1264.3,6005.6,4828.23,7100.56,0.031972,0.1,0.003197,123064,337
2026-09-07,DEL-PNQ,1,56,10362.0,1522.41,11884.4,9790.99,14094.49,0.038186,0.15,0.005728,220477,604
2026-09-07,DEL-PNQ,7,60,8043.54,1429.23,9472.77,7912.99,11194.84,0.038186,0.35,0.013365,514447,1409
2026-09-07,DEL-PNQ,15,60,5600.41,1289.48,6889.89,5706.12,8058.25,0.038186,0.25,0.009546,367462,1007
2026-09-07,DEL-PNQ,30,60,4631.06,1250.89,5881.95,4971.7,6900.35,0.038186,0.15,0.005728,220477,604
2026-09-07,DEL-PNQ,45,60,4255.99,1246.7,5502.69,4546.48,6306.1,0.038186,0.1,0.003819,146985,403
2026-09-07,GOI-DEL,1,54,13018.96,1665.95,14684.91,12243.7,17431.46,0.02045,0.15,0.003068,118072,323
2026-09-07,GOI-DEL,7,60,10029.87,1533.7,11563.58,9673.44,13683.9,0.02045,0.35,0.007157,275502,755
2026-09-07,GOI-DEL,15,60,7015.9,1386.4,8402.3,6820.76,9995.46,0.02045,0.25,0.005112,196787,539
2026-09-07,GOI-DEL,30,60,5737.54,1300.87,7038.41,5620.0,8191.27,0.02045,0.15,0.003068,118072,323
2026-09-07,GOI-DEL,45,60,5329.31,1294.99,6624.31,5449.08,7783.13,0.02045,0.1,0.002045,78715,216
2026-09-07,HYD-BLR,1,58,6474.04,1319.0,7793.04,6460.22,9129.46,0.029629,0.15,0.004444,171070,469
2026-09-07,HYD-BLR,7,60,5261.63,1269.46,6531.09,5278.5,7525.73,0.029629,0.35,0.01037,399163,1094
2026-09-07,HYD-BLR,15,60,3525.78,1208.22,4734.0,3864.23,5578.62,0.029629,0.25,0.007407,285116,781
2026-09-07,HYD-BLR,30,60,2888.7,1167.75,4056.45,3393.91,4752.4,0.029629,0.15,0.004444,171070,469
2026-09-07,HYD-BLR,45,60,2652.31,1172.71,3825.02,3046.97,4463.47,0.029629,0.1,0.002963,114047,312
2026-09-07,HYD-BOM,1,54,7440.35,1396.77,8837.12,7163.94,10295.2,0.030308,0.15,0.004546,174988,479
2026-09-07,HYD-BOM,7,60,5993.21,1322.59,7315.8,6020.82,8706.73,0.030308,0.35,0.010608,408306,1119
2026-09-07,HYD-BOM,15,60,4030.24,1220.24,5250.48,4352.22,6113.68,0.030308,0.25,0.007577,291647,799
2026-09-07,HYD-BOM,30,60,3304.38,1193.47,4497.85,3508.12,5340.79,0.030308,0.15,0.004546,174988,479
2026-09-07,HYD-BOM,45,60,3032.06,1190.13,4222.18,3425.66,4904.06,0.030308,0.1,0.003031,116659,320
2026-09-07,HYD-DEL,1,55,9808.83,1500.53,11309.36,9508.91,13089.3,0.043067,0.15,0.00646,248660,681
2026-09-07,HYD-DEL,7,60,7587.56,1406.98,8994.54,7363.18,10532.57,0.043067,0.35,0.015073,580206,1590
2026-09-07,HYD-DEL,15,60,5326.44,1281.0,6607.44,5526.68,7872.88,0.043067,0.25,0.010767,414432,1135
2026-09-07,HYD-DEL,30,60,4351.8,1240.6,5592.4,4611.18,6605.94,0.043067,0.15,0.00646,248660,681
2026-09-07,HYD-DEL,45,60,4008.03,1205.46,5213.49,4252.78,6186.58,0.043067,0.1,0.004307,165773,454
2026-09-07,MAA-BOM,1,55,8317.3,1447.72,9765.01,7936.76,11580.88,0.027186,0.15,0.004078,156966,430
2026-09-07,MAA-BOM,7,60,6783.45,1364.61,8148.06,6431.29,9673.68,0.027186,0.35,0.009515,366253,1003
2026-09-07,MAA-BOM,15,60,4538.77,1230.97,5769.74,4924.06,6883.77,0.027186,0.25,0.006796,261610,717
2026-09-07,MAA-BOM,30,60,3718.42,1204.72,4923.14,4112.17,5802.76,0.027186,0.15,0.004078,156966,430
2026-09-07,MAA-BOM,45,60,3438.7,1198.1,4636.8,3818.64,5315.72,0.027186,0.1,0.002719,104644,287
2026-09-07,MAA-DEL,1,54,11444.17,1579.54,13023.71,10616.2,15465.25,0.03175,0.15,0.004762,183318,502
2026-09-07,MAA-DEL,7,60,8868.99,1469.28,10338.26,8522.15,12275.21,0.03175,0.35,0.011112,427742,1172
2026-09-07,MAA-DEL,15,60,6214.87,1320.2,7535.06,6154.6,8740.09,0.03175,0.25,0.007938,305530,837
2026-09-07,MAA-DEL,30,60,5081.03,1272.78,6353.82,5284.68,7455.35,0.03175,0.15,0.004762,183318,502
2026-09-07,MAA-DEL,45,60,4675.54,1261.61,5937.15,4937.38,6876.47,0.03175,0.1,0.003175,122212,335
2026-09-07,PNQ-DEL,1,53,10396.29,1543.25,11939.54,9899.34,14099.91,0.037779,0.15,0.005667,218129,598
2026-09-07,PNQ-DEL,7,60,8101.04,1408.64,9509.68,7962.44,11102.39,0.037779,0.35,0.013223,508969,1394
2026-09-07,PNQ-DEL,15,60,5696.04,1313.67,7009.71,5844.2,8349.59,0.037779,0.25,0.009445,363549,996
2026-09-07,PNQ-DEL,30,60,4666.37,1252.2,5918.57,4753.02,6900.23,0.037779,0.15,0.005667,218129,598
2026-09-07,PNQ-DEL,45,60,4302.82,1229.35,5532.17,4629.93,6475.5,0.037779,0.1,0.003778,145420,398
2026-09-08,BLR-BOM,1,42,8296.15,1532.94,9829.09,8385.72,11015.24,0.052761,0.15,0.007914,304626,835
2026-09-08,BLR-BOM,7,48,5808.48,1397.28,7205.76,6112.77,8036.11,0.052761,0.35,0.018466,710793,1947
2026-09-08,BLR-BOM,15,48,4504.04,1323.5,5827.54,4907.6,6529.05,0.052761,0.25,0.01319,507709,1391
2026-09-08,BLR-BOM,30,48,3696.15,1286.92,4983.07,4194.82,5541.29,0.052761,0.15,0.007914,304626,835
2026-09-08,BLR-BOM,45,48,3904.34,1323.57,5227.9,4302.09,5833.87,0.052761,0.1,0.005276,203084,556
2026-09-08,BLR-CCU,1,56,11515.07,1692.23,13207.3,11132.42,15731.47,0.030679,0.15,0.004602,177135,485
2026-09-08,BLR-CCU,7,60,8169.11,1519.65,9688.76,8162.62,11336.63,0.030679,0.35,0.010738,413315,1132
2026-09-08,BLR-CCU,15,60,6256.73,1404.05,7660.78,6226.89,8884.44,0.030679,0.25,0.00767,295225,809
2026-09-08,BLR-CCU,30,60,5158.33,1369.91,6528.24,5298.32,7742.93,0.030679,0.15,0.004602,177135,485
2026-09-08,BLR-CCU,45,60,5436.81,1364.24,6801.05,5706.65,8014.6,0.030679,0.1,0.003068,118090,324
2026-09-08,BLR-DEL,1,45,11245.51,1656.0,12901.51,11571.47,14363.74,0.060559,0.15,0.009084,349654,958
2026-09-08,BLR-DEL,7,48,7962.62,1516.06,9478.68,8521.2,10510.79,0.060559,0.35,0.021196,815858,2235
2026-09-08,BLR-DEL,15,48,6110.94,1414.68,7525.62,6716.04,8288.8,0.060559,0.25,0.01514,582756,1597
2026-09-08,BLR-DEL,30,48,4978.92,1356.57,6335.48,5786.27,7020.0,0.060559,0.15,0.009084,349654,958
2026-09-08,BLR-DEL,45,48,5315.25,1364.11,6679.36,5980.57,7299.19,0.060559,0.1,0.006056,233102,639
2026-09-08,BLR-HYD,1,56,6619.23,1431.72,8050.95,6782.84,9347.0,0.029958,0.15,0.004494,172970,474
2026-09-08,BLR-HYD,7,60,4634.64,1315.52,5950.16,5026.33,7010.17,0.029958,0.35,0.010485,403598,1106
2026-09-08,BLR-HYD,15,60,3592.03,1297.5,4889.52,4069.83,5606.75,0.029958,0.25,0.00749,288284,790
2026-09-08,BLR-HYD,30,60,2947.05,1239.49,4186.55,3264.27,4947.85,0.029958,0.15,0.004494,172970,474
2026-09-08,BLR-HYD,45,60,3095.37,1244.72,4340.09,3419.43,5134.86,0.029958,0.1,0.002996,115314,316
2026-09-08,BOM-BLR,1,44,8456.16,1516.64,9972.8,8391.32,11963.13,0.054135,0.15,0.00812,312561,856
2026-09-08,BOM-BLR,7,48,5916.62,1373.91,7290.53,5872.6,8691.4,0.054135,0.35,0.018947,729308,1998
2026-09-08,BOM-BLR,15,48,4568.86,1293.96,5862.82,4686.97,6913.03,0.054135,0.25,0.013534,520934,1427
2026-09-08,BOM-BLR,30,48,3734.64,1265.59,5000.23,4216.72,5918.92,0.054135,0.15,0.00812,312561,856
2026-09-08,BOM-BLR,45,48,3961.61,1283.29,5244.9,4322.04,6130.28,0.054135,0.1,0.005414,208374,571
2026-09-08,BOM-DEL,1,78,10352.01,1597.66,11949.67,9904.85,14070.22,0.088971,0.15,0.013346,513696,1407
2026-09-08,BOM-DEL,7,84,7305.91,1428.27,8734.17,7110.43,10182.65,0.088971,0.35,0.03114,1198624,3284
2026-09-08,BOM-DEL,15,84,5614.47,1360.72,6975.19,5767.64,8168.99,0.088971,0.25,0.022243,856160,2346
2026-09-08,BOM-DEL,30,84,4609.77,1296.58,5906.36,4829.43,6914.31,0.088971,0.15,0.013346,513696,1407
2026-09-08,BOM-DEL,45,84,4823.21,1305.03,6128.24,4934.97,7236.27,0.088971,0.1,0.008897,342464,938
2026-09-08,BOM-GOI,1,55,7245.74,1436.9,8682.64,7268.03,10421.92,0.019573,0.15,0.002936,113008,310
2026-09-08,BOM-GOI,7,60,5139.18,1315.3,6454.48,5280.26,7616.96,0.019573,0.35,0.006851,263686,722
2026-09-08,BOM-GOI,15,60,3987.04,1287.43,5274.47,4308.39,6230.34,0.019573,0.25,0.004893,188348,516
2026-09-08,BOM-GOI,30,60,3264.93,1235.5,4500.42,3683.84,5202.03,0.019573,0.15,0.002936,113008,310
2026-09-08,BOM-GOI,45,60,3440.6,1231.56,4672.16,3819.97,5506.6,0.019573,0.1,0.001957,75339,206
2026-09-08,BOM-HYD,1,52,7570.49,1449.26,9019.75,7627.43,10596.34,0.03083,0.15,0.004624,178004,488
2026-09-08,BOM-HYD,7,60,5301.28,1365.33,6666.61,5543.9,7935.4,0.03083,0.35,0.01079,415342,1138
2026-09-08,BOM-HYD,15,60,4089.06,1283.74,5372.8,4418.99,6371.26,0.03083,0.25,0.007708,296673,813
2026-09-08,BOM-HYD,30,60,3361.02,1248.53,4609.54,3671.19,5354.78,0.03083,0.15,0.004624,178004,488
2026-09-08,BOM-HYD,45,60,3565.84,1249.53,4815.37,3888.98,5674.7,0.03083,0.1,0.003083,118669,325
2026-09-08,BOM-MAA,1,54,8602.11,1485.71,10087.82,8237.86,11758.86,0.027707,0.15,0.004156,159973,438
2026-09-08,BOM-MAA,7,60,5958.71,1362.09,7320.81,5935.7,8606.58,0.027707,0.35,0.009697,373271,1023
2026-09-08,BOM-MAA,15,60,4638.0,1289.35,5927.35,4888.71,6929.8,0.027707,0.25,0.006927,266622,730
2026-09-08,BOM-MAA,30,60,3787.69,1287.17,5074.86,4283.45,5993.12,0.027707,0.15,0.004156,159973,438
2026-09-08,BOM-MAA,45,60,3994.81,1279.41,5274.22,4319.09,6090.97,0.027707,0.1,0.002771,106649,292
2026-09-08,CCU-BLR,1,56,11413.81,1591.46,13005.27,10634.64,15614.37,0.029775,0.15,0.004466,171912,471
2026-09-08,CCU-BLR,7,60,8008.09,1414.33,9422.42,7622.54,11165.29,0.029775,0.35,0.010421,401128,1099
2026-09-08,CCU-BLR,15,60,6237.91,1327.45,7565.35,6169.23,9012.74,0.029775,0.25,0.007444,286520,785
2026-09-08,CCU-BLR,30,60,5078.46,1286.4,6364.86,5247.41,7530.05,0.029775,0.15,0.004466,171912,471
2026-09-08,CCU-BLR,45,60,5387.5,1293.34,6680.84,5362.55,7720.6,0.029775,0.1,0.002978,114608,314
2026-09-08,CCU-DEL,1,54,11267.51,1575.3,12842.81,10547.41,15193.49,0.035152,0.15,0.005273,202957,556
2026-09-08,CCU-DEL,7,60,7845.46,1418.37,9263.82,7420.58,10978.54,0.035152,0.35,0.012303,473566,1297
2026-09-08,CCU-DEL,15,60,6055.1,1309.35,7364.45,5974.72,8680.74,0.035152,0.25,0.008788,338262,927
2026-09-08,CCU-DEL,30,60,4964.91,1287.01,6251.92,4955.05,7363.71,0.035152,0.15,0.005273,202957,556
2026-09-08,CCU-DEL,45,60,5041.85,1267.6,6309.45,5155.35,7300.21,0.035152,0.1,0.003515,135305,371
2026-09-08,DEL-BLR,1,42,12022.84,1613.52,13636.36,11049.71,15866.38,0.061053,0.15,0.009158,352503,966
2026-09-08,DEL-BLR,7,48,8385.94,1452.84,9838.78,8061.98,11735.23,0.061053,0.35,0.021369,822506,2253
2026-09-08,DEL-BLR,15,48,6487.62,1328.39,7816.01,6344.07,9181.31,0.061053,0.25,0.015263,587504,1610
2026-09-08,DEL-BLR,30,48,5299.12,1267.59,6566.71,5316.66,7919.47,0.061053,0.15,0.009158,352503,966
2026-09-08,DEL-BLR,45,48,5591.44,1282.49,6873.93,5617.27,8237.47,0.061053,0.1,0.006105,235002,644
2026-09-08,DEL-BOM,1,80,10211.81,1530.78,11742.58,9911.03,13881.24,0.089012,0.15,0.013352,513934,1408
2026-09-08,DEL-BOM,7,84,7202.63,1380.31,8582.94,7015.23,10001.67,0.089012,0.35,0.031154,1199180,3285
2026-09-08,DEL-BOM,15,84,5545.84,1289.34,6835.18,5655.0,8090.97,0.089012,0.25,0.022253,856557,2347
2026-09-08,DEL-BOM,30,84,4537.34,1263.71,5801.05,4926.36,6706.51,0.089012,0.15,0.013352,513934,1408
2026-09-08,DEL-BOM,45,84,4827.66,1267.45,6095.11,5154.52,7161.49,0.089012,0.1,0.008901,342623,939
2026-09-08,DEL-CCU,1,57,11356.39,1602.6,12958.99,10793.93,15236.16,0.036822,0.15,0.005523,212601,582
2026-09-08,DEL-CCU,7,60,7941.0,1407.7,9348.7,7697.69,11052.77,0.036822,0.35,0.012888,496069,1359
2026-09-08,DEL-CCU,15,60,6131.23,1313.03,7444.26,5978.29,8884.28,0.036822,0.25,0.009206,354335,971
2026-09-08,DEL-CCU,30,60,5036.0,1263.73,6299.73,5138.68,7352.58,0.036822,0.15,0.005523,212601,582
2026-09-08,DEL-CCU,45,60,5100.13,1271.26,6371.38,5114.53,7514.81,0.036822,0.1,0.003682,141734,388
2026-09-08,DEL-GOI,1,51,13129.17,1680.05,14809.21,12370.47,17572.01,0.020126,0.15,0.003019,116202,318
2026-09-08,DEL-GOI,7,60,9323.85,1486.83,10810.68,8919.38,12604.33,0.020126,0.35,0.007044,271137,743
2026-09-08,DEL-GOI,15,60,7153.15,1386.37,8539.53,6978.28,10136.52,0.020126,0.25,0.005032,193670,531
2026-09-08,DEL-GOI,30,60,5876.78,1316.26,7193.04,6007.46,8566.11,0.020126,0.15,0.003019,116202,318
2026-09-08,DEL-GOI,45,60,5966.4,1297.86,7264.26,6023.04,8448.68,0.020126,0.1,0.002013,77468,212
2026-09-08,DEL-HYD,1,55,9886.85,1518.61,11405.45,9487.84,13504.82,0.04256,0.15,0.006384,245728,673
2026-09-08,DEL-HYD,7,60,6975.79,1373.3,8349.09,6937.58,9886.4,0.04256,0.35,0.014896,573366,1571
2026-09-08,DEL-HYD,15,60,5385.28,1296.6,6681.87,5546.28,7774.58,0.04256,0.25,0.01064,409547,1122
2026-09-08,DEL-HYD,30,60,4393.72,1228.13,5621.84,4544.32,6601.27,0.04256,0.15,0.006384,245728,673
2026-09-08,DEL-HYD,45,60,4465.13,1237.82,5702.95,4776.72,6722.89,0.04256,0.1,0.004256,163819,449
2026-09-08,DEL-MAA,1,54,11644.09,1581.14,13225.23,10640.98,15409.96,0.031972,0.15,0.004796,184596,506
2026-09-08,DEL-MAA,7,60,8117.71,1436.6,9554.3,7657.65,11155.55,0.031972,0.35,0.01119,430725,1180
2026-09-08,DEL-MAA,15,60,6289.5,1331.9,7621.41,6269.22,8911.74,0.031972,0.25,0.007993,307660,843
2026-09-08,DEL-MAA,30,60,5153.82,1279.46,6433.28,5379.45,7418.85,0.031972,0.15,0.004796,184596,506
2026-09-08,DEL-MAA,45,60,5222.85,1269.44,6492.28,5465.52,7494.83,0.031972,0.1,0.003197,123064,337
2026-09-08,DEL-PNQ,1,51,10412.85,1520.15,11933.0,9986.82,13875.68,0.038186,0.15,0.005728,220477,604
2026-09-08,DEL-PNQ,7,60,7297.52,1386.28,8683.8,7062.05,10251.72,0.038186,0.35,0.013365,514447,1409
2026-09-08,DEL-PNQ,15,60,5626.6,1307.25,6933.86,5512.41,8089.53,0.038186,0.25,0.009546,367462,1007
2026-09-08,DEL-PNQ,30,60,4593.6,1257.82,5851.42,4975.98,6971.11,0.038186,0.15,0.005728,220477,604
2026-09-08,DEL-PNQ,45,60,4681.51,1270.85,5952.37,4796.3,6985.18,0.038186,0.1,0.003819,146985,403
2026-09-08,GOI-DEL,1,56,12874.74,1650.9,14525.64,12007.55,17037.73,0.02045,0.15,0.003068,118072,323
2026-09-08,GOI-DEL,7,60,9150.84,1472.2,10623.04,8761.49,12581.26,0.02045,0.35,0.007157,275502,755
2026-09-08,GOI-DEL,15,60,7021.89,1377.2,8399.08,6718.18,9982.32,0.02045,0.25,0.005112,196787,539
2026-09-08,GOI-DEL,30,60,5741.33,1315.07,7056.41,5823.98,8334.16,0.02045,0.15,0.003068,118072,323
2026-09-08,GOI-DEL,45,60,5821.31,1300.98,7122.29,5862.85,8533.4,0.02045,0.1,0.002045,78715,216
2026-09-08,HYD-BLR,1,55,6457.7,1355.97,7813.67,6521.06,9242.59,0.029629,0.15,0.004444,171070,469
2026-09-08,HYD-BLR,7,60,4567.19,1255.44,5822.63,4862.72,6905.94,0.029629,0.35,0.01037,399163,1094
2026-09-08,HYD-BLR,15,60,3528.21,1217.26,4745.47,3793.67,5547.68,0.029629,0.25,0.007407,285116,781
2026-09-08,HYD-BLR,30,60,2879.82,1157.87,4037.69,3214.06,4662.68,0.029629,0.15,0.004444,171070,469
2026-09-08,HYD-BLR,45,60,3063.21,1180.33,4243.54,3505.27,5034.52,0.029629,0.1,0.002963,114047,312
2026-09-08,HYD-BOM,1,54,7485.13,1384.54,8869.68,7385.74,10470.14,0.030308,0.15,0.004546,174988,479
2026-09-08,HYD-BOM,7,60,5212.97,1284.57,6497.55,5468.48,7473.51,0.030308,0.35,0.010608,408306,1119
2026-09-08,HYD-BOM,15,60,4040.89,1238.5,5279.39,4326.6,6275.37,0.030308,0.25,0.007577,291647,799
2026-09-08,HYD-BOM,30,60,3279.49,1196.26,4475.75,3638.0,5352.92,0.030308,0.15,0.004546,174988,479
2026-09-08,HYD-BOM,45,60,3489.85,1199.27,4689.12,3970.85,5445.05,0.030308,0.1,0.003031,116659,320
2026-09-08,HYD-DEL,1,54,9791.4,1526.01,11317.41,9113.44,13457.8,0.043067,0.15,0.00646,248660,681
2026-09-08,HYD-DEL,7,60,6870.1,1360.81,8230.9,6619.63,9759.41,0.043067,0.35,0.015073,580206,1590
2026-09-08,HYD-DEL,15,60,5329.2,1278.43,6607.63,5518.19,7845.05,0.043067,0.25,0.010767,414432,1135
2026-09-08,HYD-DEL,30,60,4352.8,1242.8,5595.6,4686.0,6579.42,0.043067,0.15,0.00646,248660,681
2026-09-08,HYD-DEL,45,60,4402.09,1232.42,5634.51,4626.19,6722.41,0.043067,0.1,0.004307,165773,454
2026-09-08,MAA-BOM,1,53,8473.32,1444.1,9917.42,8187.53,11664.16,0.027186,0.15,0.004078,156966,430
2026-09-08,MAA-BOM,7,60,5891.04,1312.9,7203.95,6043.82,8481.57,0.027186,0.35,0.009515,366253,1003
2026-09-08,MAA-BOM,15,60,4557.14,1265.13,5822.27,4670.57,6783.47,0.027186,0.25,0.006796,261610,717
2026-09-08,MAA-BOM,30,60,3733.5,1207.5,4941.0,4091.16,5784.6,0.027186,0.15,0.004078,156966,430
2026-09-08,MAA-BOM,45,60,3956.17,1207.4,5163.58,4153.44,5928.23,0.027186,0.1,0.002719,104644,287
2026-09-08,MAA-DEL,1,56,11459.73,1588.2,13047.93,10831.13,15548.32,0.03175,0.15,0.004762,183318,502
2026-09-08,MAA-DEL,7,60,7988.47,1426.75,9415.23,7880.12,11145.34,0.03175,0.35,0.011112,427742,1172
2026-09-08,MAA-DEL,15,60,6201.74,1348.71,7550.46,6125.58,8901.15,0.03175,0.25,0.007938,305530,837
2026-09-08,MAA-DEL,30,60,5093.15,1260.18,6353.33,5307.1,7451.03,0.03175,0.15,0.004762,183318,502
2026-09-08,MAA-DEL,45,60,5155.64,1269.89,6425.53,5150.43,7663.77,0.03175,0.1,0.003175,122212,335
2026-09-08,PNQ-DEL,1,55,10463.02,1551.91,12014.92,10071.48,14346.62,0.037779,0.15,0.005667,218129,598
2026-09-08,PNQ-DEL,7,60,7411.74,1396.11,8807.85,7108.05,10422.44,0.037779,0.35,0.013223,508969,1394
2026-09-08,PNQ-DEL,15,60,5669.3,1309.39,6978.7,5875.59,8288.7,0.037779,0.25,0.009445,363549,996
2026-09-08,PNQ-DEL,30,60,4661.92,1263.49,5925.41,4844.61,6978.09,0.037779,0.15,0.005667,218129,598
2026-09-08,PNQ-DEL,45,60,4743.17,1276.1,6019.27,4919.43,7024.08,0.037779,0.1,0.003778,145420,398
2026-09-09,BLR-BOM,1,40,8330.6,1507.47,9838.07,8136.77,11038.5,0.052761,0.15,0.007914,304626,835
2026-09-09,BLR-BOM,7,48,5789.71,1392.09,7181.8,5822.96,8062.67,0.052761,0.35,0.018466,710793,1947
2026-09-09,BLR-BOM,15,48,4496.37,1338.67,5835.05,4662.55,6543.05,0.052761,0.25,0.01319,507709,1391
2026-09-09,BLR-BOM,30,48,4217.66,1311.78,5529.44,4721.96,6072.71,0.052761,0.15,0.007914,304626,835
2026-09-09,BLR-BOM,45,48,3378.37,1282.93,4661.3,3906.79,5196.22,0.052761,0.1,0.005276,203084,556
2026-09-09,BLR-CCU,1,49,11648.25,1669.39,13317.65,10965.37,15439.63,0.030679,0.15,0.004602,177135,485
2026-09-09,BLR-CCU,7,60,8106.08,1507.43,9613.51,8154.27,11234.28,0.030679,0.35,0.010738,413315,1132
2026-09-09,BLR-CCU,15,60,6268.55,1417.93,7686.48,6237.11,9081.83,0.030679,0.25,0.00767,295225,809
2026-09-09,BLR-CCU,30,60,5896.72,1380.05,7276.77,6036.27,8354.61,0.030679,0.15,0.004602,177135,485
2026-09-09,BLR-CCU,45,60,4742.56,1357.7,6100.26,5035.36,7123.8,0.030679,0.1,0.003068,118090,324
2026-09-09,BLR-DEL,1,43,11216.74,1667.77,12884.51,11621.86,14394.26,0.060559,0.15,0.009084,349654,958
2026-09-09,BLR-DEL,7,48,7850.53,1519.67,9370.2,8696.72,10407.53,0.060559,0.35,0.021196,815858,2235
2026-09-09,BLR-DEL,15,48,6085.98,1401.31,7487.29,6738.47,8175.32,0.060559,0.25,0.01514,582756,1597
2026-09-09,BLR-DEL,30,48,5773.67,1388.69,7162.35,6503.64,8009.85,0.060559,0.15,0.009084,349654,958
2026-09-09,BLR-DEL,45,48,4608.74,1332.43,5941.16,5230.81,6577.67,0.060559,0.1,0.006056,233102,639
2026-09-09,BLR-HYD,1,57,6601.4,1428.08,8029.47,6638.8,9527.49,0.029958,0.15,0.004494,172970,474
2026-09-09,BLR-HYD,7,60,4635.56,1326.44,5962.0,4937.14,6908.77,0.029958,0.35,0.010485,403598,1106
2026-09-09,BLR-HYD,15,60,3588.91,1277.76,4866.67,3937.58,5682.23,0.029958,0.25,0.00749,288284,790
2026-09-09,BLR-HYD,30,60,3376.71,1263.54,4640.25,3852.76,5336.16,0.029958,0.15,0.004494,172970,474
2026-09-09,BLR-HYD,45,60,2702.33,1223.01,3925.34,3123.05,4607.33,0.029958,0.1,0.002996,115314,316
2026-09-09,BOM-BLR,1,44,8337.53,1508.58,9846.1,8499.43,11847.91,0.054135,0.15,0.00812,312561,856
2026-09-09,BOM-BLR,7,48,5943.91,1365.71,7309.62,6154.22,8474.24,0.054135,0.35,0.018947,729308,1998
2026-09-09,BOM-BLR,15,48,4583.56,1303.57,5887.13,4876.64,6960.78,0.054135,0.25,0.013534,520934,1427
2026-09-09,BOM-BLR,30,48,4297.7,1278.78,5576.48,4579.18,6536.31,0.054135,0.15,0.00812,312561,856
2026-09-09,BOM-BLR,45,48,3454.0,1245.97,4699.97,3880.4,5492.48,0.054135,0.1,0.005414,208374,571
2026-09-09,BOM-DEL,1,73,10389.72,1581.43,11971.15,10024.21,14185.45,0.088971,0.15,0.013346,513696,1407
2026-09-09,BOM-DEL,7,84,7267.38,1439.09,8706.47,7130.08,10136.93,0.088971,0.35,0.03114,1198624,3284
2026-09-09,BOM-DEL,15,84,5603.27,1353.55,6956.82,5643.07,8247.93,0.088971,0.25,0.022243,856160,2346
2026-09-09,BOM-DEL,30,84,5318.77,1341.96,6660.73,5621.67,7839.5,0.088971,0.15,0.013346,513696,1407
2026-09-09,BOM-DEL,45,84,4232.02,1305.74,5537.76,4477.19,6503.67,0.088971,0.1,0.008897,342464,938
2026-09-09,BOM-GOI,1,56,7330.11,1434.76,8764.87,7198.91,10320.0,0.019573,0.15,0.002936,113008,310
2026-09-09,BOM-GOI,7,60,5165.62,1328.13,6493.75,5302.83,7494.21,0.019573,0.35,0.006851,263686,722
2026-09-09,BOM-GOI,15,60,3955.46,1278.75,5234.21,4136.26,6128.36,0.019573,0.25,0.004893,188348,516
2026-09-09,BOM-GOI,30,60,3735.3,1271.31,5006.62,3989.22,5745.64,0.019573,0.15,0.002936,113008,310
2026-09-09,BOM-GOI,45,60,2973.99,1219.31,4193.29,3391.11,4994.12,0.019573,0.1,0.001957,75339,206
2026-09-09,BOM-HYD,1,55,7485.97,1470.51,8956.47,7378.15,10512.18,0.03083,0.15,0.004624,178004,488
2026-09-09,BOM-HYD,7,60,5291.41,1327.93,6619.35,5515.63,7706.51,0.03083,0.35,0.01079,415342,1138
2026-09-09,BOM-HYD,15,60,4104.55,1284.52,5389.07,4522.34,6299.99,0.03083,0.25,0.007708,296673,813
2026-09-09,BOM-HYD,30,60,3857.46,1271.71,5129.18,4300.18,5860.69,0.03083,0.15,0.004624,178004,488
2026-09-09,BOM-HYD,45,60,3104.55,1219.75,4324.3,3628.03,5052.0,0.03083,0.1,0.003083,118669,325
2026-09-09,BOM-MAA,1,53,8525.15,1491.39,10016.54,8407.73,11798.98,0.027707,0.15,0.004156,159973,438
2026-09-09,BOM-MAA,7,60,5960.19,1368.74,7328.93,6091.67,8741.84,0.027707,0.35,0.009697,373271,1023
2026-09-09,BOM-MAA,15,60,4628.07,1307.27,5935.34,4825.23,6886.5,0.027707,0.25,0.006927,266622,730
2026-09-09,BOM-MAA,30,60,4343.23,1287.56,5630.78,4543.0,6601.29,0.027707,0.15,0.004156,159973,438
2026-09-09,BOM-MAA,45,60,3478.5,1238.45,4716.94,3876.96,5494.59,0.027707,0.1,0.002771,106649,292
2026-09-09,CCU-BLR,1,55,11447.26,1606.49,13053.75,10827.28,15230.76,0.029775,0.15,0.004466,171912,471
2026-09-09,CCU-BLR,7,60,8017.16,1412.61,9429.77,7978.06,11144.54,0.029775,0.35,0.010421,401128,1099
2026-09-09,CCU-BLR,15,60,6210.06,1339.9,7549.96,6325.78,8973.69,0.029775,0.25,0.007444,286520,785
2026-09-09,CCU-BLR,30,60,5887.14,1305.5,7192.63,5727.32,8441.16,0.029775,0.15,0.004466,171912,471
2026-09-09,CCU-BLR,45,60,4705.85,1264.98,5970.83,4904.03,7050.3,0.029775,0.1,0.002978,114608,314
2026-09-09,CCU-DEL,1,55,11111.37,1605.72,12717.09,10884.35,14906.11,0.035152,0.15,0.005273,202957,556
2026-09-09,CCU-DEL,7,60,7873.79,1409.1,9282.89,7630.49,10951.06,0.035152,0.35,0.012303,473566,1297
2026-09-09,CCU-DEL,15,60,6085.23,1317.2,7402.43,6129.89,8615.62,0.035152,0.25,0.008788,338262,927
2026-09-09,CCU-DEL,30,60,5477.22,1287.05,6764.27,5616.93,7785.46,0.035152,0.15,0.005273,202957,556
2026-09-09,CCU-DEL,45,60,4599.68,1261.42,5861.1,4737.9,6948.75,0.035152,0.1,0.003515,135305,371
2026-09-09,DEL-BLR,1,45,11982.63,1619.7,13602.33,11133.28,15960.24,0.061053,0.15,0.009158,352503,966
2026-09-09,DEL-BLR,7,48,8383.75,1422.49,9806.24,8153.47,11600.48,0.061053,0.35,0.021369,822506,2253
2026-09-09,DEL-BLR,15,48,6478.91,1346.64,7825.55,6613.78,9354.11,0.061053,0.25,0.015263,587504,1610
2026-09-09,DEL-BLR,30,48,6108.35,1293.4,7401.75,6115.1,8715.17,0.061053,0.15,0.009158,352503,966
2026-09-09,DEL-BLR,45,48,4898.85,1263.81,6162.66,5098.81,7391.9,0.061053,0.1,0.006105,235002,644
2026-09-09,DEL-BOM,1,76,10268.67,1533.93,11802.6,9994.11,13895.25,0.089012,0.15,0.013352,513934,1408
2026-09-09,DEL-BOM,7,84,7231.89,1381.45,8613.34,7058.3,10098.54,0.089012,0.35,0.031154,1199180,3285
2026-09-09,DEL-BOM,15,84,5555.29,1302.05,6857.34,5726.78,7994.74,0.089012,0.25,0.022253,856557,2347
2026-09-09,DEL-BOM,30,84,5225.55,1296.79,6522.34,5512.17,7584.46,0.089012,0.15,0.013352,513934,1408
2026-09-09,DEL-BOM,45,84,4203.81,1224.57,5428.38,4418.66,6394.71,0.089012,0.1,0.008901,342623,939
2026-09-09,DEL-CCU,1,55,11325.03,1609.04,12934.06,10509.07,15280.66,0.036822,0.15,0.005523,212601,582
2026-09-09,DEL-CCU,7,60,7956.92,1394.62,9351.54,7751.94,11162.29,0.036822,0.35,0.012888,496069,1359
2026-09-09,DEL-CCU,15,60,6151.22,1330.62,7481.84,6362.16,8729.93,0.036822,0.25,0.009206,354335,971
2026-09-09,DEL-CCU,30,60,5534.27,1310.44,6844.72,5505.0,8126.77,0.036822,0.15,0.005523,212601,582
2026-09-09,DEL-CCU,45,60,4624.96,1250.77,5875.73,4902.55,7015.1,0.036822,0.1,0.003682,141734,388
2026-09-09,DEL-GOI,1,53,13300.25,1689.66,14989.91,12372.55,17682.98,0.020126,0.15,0.003019,116202,318
2026-09-09,DEL-GOI,7,60,9279.84,1510.56,10790.4,8933.82,12884.91,0.020126,0.35,0.007044,271137,743
2026-09-09,DEL-GOI,15,60,7167.6,1382.41,8550.01,7202.59,9981.25,0.020126,0.25,0.005032,193670,531
2026-09-09,DEL-GOI,30,60,6449.93,1347.53,7797.46,6424.77,9119.78,0.020126,0.15,0.003019,116202,318
2026-09-09,DEL-GOI,45,60,5382.49,1288.97,6671.47,5579.94,7845.78,0.020126,0.1,0.002013,77468,212
2026-09-09,DEL-HYD,1,58,9909.38,1514.24,11423.62,9612.47,13611.46,0.04256,0.15,0.006384,245728,673
2026-09-09,DEL-HYD,7,60,6976.83,1386.83,8363.66,6973.94,9876.97,0.04256,0.35,0.014896,573366,1571
2026-09-09,DEL-HYD,15,60,5402.26,1298.77,6701.03,5451.34,7847.81,0.04256,0.25,0.01064,409547,1122
2026-09-09,DEL-HYD,30,60,4853.04,1273.09,6126.13,4890.67,7077.69,0.04256,0.15,0.006384,245728,673
2026-09-09,DEL-HYD,45,60,4040.66,1221.03,5261.69,4421.09,6237.93,0.04256,0.1,0.004256,163819,449
2026-09-09,DEL-MAA,1,54,11493.36,1574.49,13067.85,10710.82,15590.13,0.031972,0.15,0.004796,184596,506
2026-09-09,DEL-MAA,7,60,8101.1,1423.34,9524.44,7796.33,11208.58,0.031972,0.35,0.01119,430725,1180
2026-09-09,DEL-MAA,15,60,6268.51,1318.65,7587.16,6326.51,8806.18,0.031972,0.25,0.007993,307660,843
2026-09-09,DEL-MAA,30,60,5646.96,1322.75,6969.71,5612.19,8237.52,0.031972,0.15,0.004796,184596,506
2026-09-09,DEL-MAA,45,60,4724.34,1270.09,5994.43,4726.27,6980.37,0.031972,0.1,0.003197,123064,337
2026-09-09,DEL-PNQ,1,54,10410.51,1559.05,11969.56,9705.12,14007.37,0.038186,0.15,0.005728,220477,604
2026-09-09,DEL-PNQ,7,60,7297.18,1388.49,8685.67,7111.37,10241.5,0.038186,0.35,0.013365,514447,1409
2026-09-09,DEL-PNQ,15,60,5636.61,1308.73,6945.34,5775.81,8174.3,0.038186,0.25,0.009546,367462,1007
2026-09-09,DEL-PNQ,30,60,5071.19,1262.56,6333.75,5009.88,7230.18,0.038186,0.15,0.005728,220477,604
2026-09-09,DEL-PNQ,45,60,4256.02,1219.35,5475.37,4553.47,6414.37,0.038186,0.1,0.003819,146985,403
2026-09-09,GOI-DEL,1,57,12974.12,1678.95,14653.07,12176.85,17152.89,0.02045,0.15,0.003068,118072,323
2026-09-09,GOI-DEL,7,60,9101.61,1474.96,10576.58,8552.63,12569.23,0.02045,0.35,0.007157,275502,755
2026-09-09,GOI-DEL,15,60,7022.62,1368.87,8391.49,7147.27,9845.72,0.02045,0.25,0.005112,196787,539
2026-09-09,GOI-DEL,30,60,6345.66,1347.47,7693.12,6388.09,9076.75,0.02045,0.15,0.003068,118072,323
2026-09-09,GOI-DEL,45,60,5317.64,1298.44,6616.08,5474.06,7801.95,0.02045,0.1,0.002045,78715,216
2026-09-09,HYD-BLR,1,50,6527.62,1325.89,7853.51,6604.67,9155.35,0.029629,0.15,0.004444,171070,469
2026-09-09,HYD-BLR,7,60,4559.79,1257.59,5817.38,4718.95,6677.25,0.029629,0.35,0.01037,399163,1094
2026-09-09,HYD-BLR,15,60,3524.26,1172.26,4696.52,3907.72,5572.32,0.029629,0.25,0.007407,285116,781
2026-09-09,HYD-BLR,30,60,3327.59,1184.84,4512.43,3685.6,5364.7,0.029629,0.15,0.004444,171070,469
2026-09-09,HYD-BLR,45,60,2656.08,1170.16,3826.24,3015.75,4472.45,0.029629,0.1,0.002963,114047,312
2026-09-09,HYD-BOM,1,55,7430.23,1391.39,8821.62,7292.98,10479.25,0.030308,0.15,0.004546,174988,479
2026-09-09,HYD-BOM,7,60,5245.77,1295.31,6541.08,5517.01,7680.31,0.030308,0.35,0.010608,408306,1119
2026-09-09,HYD-BOM,15,60,4025.48,1235.27,5260.75,4390.32,6226.66,0.030308,0.25,0.007577,291647,799
2026-09-09,HYD-BOM,30,60,3801.91,1222.0,5023.92,4018.92,5859.03,0.030308,0.15,0.004546,174988,479
2026-09-09,HYD-BOM,45,60,3022.84,1180.99,4203.82,3431.78,4875.78,0.030308,0.1,0.003031,116659,320
2026-09-09,HYD-DEL,1,56,9786.46,1517.6,11304.06,9144.58,13387.76,0.043067,0.15,0.00646,248660,681
2026-09-09,HYD-DEL,7,60,6906.62,1390.95,8297.57,6901.69,9798.16,0.043067,0.35,0.015073,580206,1590
2026-09-09,HYD-DEL,15,60,5305.15,1281.66,6586.81,5280.24,7678.75,0.043067,0.25,0.010767,414432,1135
2026-09-09,HYD-DEL,30,60,4809.85,1251.7,6061.55,5108.85,7172.89,0.043067,0.15,0.00646,248660,681
2026-09-09,HYD-DEL,45,60,4000.13,1226.7,5226.83,4264.38,6078.44,0.043067,0.1,0.004307,165773,454
2026-09-09,MAA-BOM,1,51,8444.4,1428.71,9873.11,8189.55,11599.77,0.027186,0.15,0.004078,156966,430
2026-09-09,MAA-BOM,7,60,5847.24,1309.45,7156.69,5895.5,8397.1,0.027186,0.35,0.009515,366253,1003
2026-09-09,MAA-BOM,15,60,4552.87,1262.03,5814.9,4871.73,6804.09,0.027186,0.25,0.006796,261610,717
2026-09-09,MAA-BOM,30,60,4283.1,1237.67,5520.77,4649.91,6399.75,0.027186,0.15,0.004078,156966,430
2026-09-09,MAA-BOM,45,60,3423.35,1198.9,4622.25,3946.14,5330.3,0.027186,0.1,0.002719,104644,287
2026-09-09,MAA-DEL,1,56,11510.48,1616.78,13127.26,10761.03,15459.88,0.03175,0.15,0.004762,183318,502
2026-09-09,MAA-DEL,7,60,8069.36,1412.93,9482.29,7930.72,11252.57,0.03175,0.35,0.011112,427742,1172
2026-09-09,MAA-DEL,15,60,6155.79,1335.67,7491.46,6336.92,8810.19,0.03175,0.25,0.007938,305530,837
2026-09-09,MAA-DEL,30,60,5611.83,1296.87,6908.69,5824.52,8124.26,0.03175,0.15,0.004762,183318,502
2026-09-09,MAA-DEL,45,60,4680.05,1240.17,5920.22,4854.78,7062.18,0.03175,0.1,0.003175,122212,335
2026-09-09,PNQ-DEL,1,51,10634.88,1552.82,12187.7,10081.04,14286.98,0.037779,0.15,0.005667,218129,598
2026-09-09,PNQ-DEL,7,60,7382.5,1382.0,8764.51,7226.35,10449.07,0.037779,0.35,0.013223,508969,1394
2026-09-09,PNQ-DEL,15,60,5678.24,1297.27,6975.51,5675.52,8262.08,0.037779,0.25,0.009445,363549,996
2026-09-09,PNQ-DEL,30,60,5135.42,1268.88,6404.3,5103.96,7407.79,0.037779,0.15,0.005667,218129,598
2026-09-09,PNQ-DEL,45,60,4296.05,1252.79,5548.84,4541.13,6445.34,0.037779,0.1,0.003778,145420,398
2026-09-10,BLR-BOM,1,42,9498.66,1558.04,11056.7,9321.23,12332.78,0.052761,0.15,0.007914,304626,835
2026-09-10,BLR-BOM,7,48,5784.0,1402.5,7186.5,5775.32,8117.17,0.052761,0.35,0.018466,710793,1947
2026-09-10,BLR-BOM,15,48,5160.68,1341.16,6501.84,5485.93,7154.16,0.052761,0.25,0.01319,507709,1391
2026-09-10,BLR-BOM,30,48,3693.59,1302.02,4995.61,4111.92,5604.9,0.052761,0.15,0.007914,304626,835
2026-09-10,BLR-BOM,45,48,3903.19,1294.27,5197.47,4253.03,5837.25,0.052761,0.1,0.005276,203084,556
2026-09-10,BLR-CCU,1,59,13294.61,1773.09,15067.7,12472.22,17799.91,0.030679,0.15,0.004602,177135,485
2026-09-10,BLR-CCU,7,60,8123.35,1513.9,9637.24,7779.59,11403.76,0.030679,0.35,0.010738,413315,1132
2026-09-10,BLR-CCU,15,60,7199.77,1463.34,8663.12,7143.13,10196.83,0.030679,0.25,0.00767,295225,809
2026-09-10,BLR-CCU,30,60,5164.41,1369.88,6534.29,5353.03,7579.69,0.030679,0.15,0.004602,177135,485
2026-09-10,BLR-CCU,45,60,5407.01,1380.24,6787.26,5665.91,7968.68,0.030679,0.1,0.003068,118090,324
2026-09-10,BLR-DEL,1,44,12902.91,1765.82,14668.73,13468.89,16370.84,0.060559,0.15,0.009084,349654,958
2026-09-10,BLR-DEL,7,48,7870.15,1527.68,9397.83,8559.76,10139.16,0.060559,0.35,0.021196,815858,2235
2026-09-10,BLR-DEL,15,48,7003.86,1452.47,8456.33,7684.44,9374.1,0.060559,0.25,0.01514,582756,1597
2026-09-10,BLR-DEL,30,48,4988.9,1356.89,6345.79,5565.61,7042.87,0.060559,0.15,0.009084,349654,958
2026-09-10,BLR-DEL,45,48,5288.28,1343.37,6631.65,5855.69,7384.06,0.060559,0.1,0.006056,233102,639
2026-09-10,BLR-HYD,1,54,7565.15,1465.57,9030.72,7595.22,10597.88,0.029958,0.15,0.004494,172970,474
2026-09-10,BLR-HYD,7,60,4630.69,1326.0,5956.69,4953.47,7016.64,0.029958,0.35,0.010485,403598,1106
2026-09-10,BLR-HYD,15,60,4113.37,1306.47,5419.84,4444.14,6432.11,0.029958,0.25,0.00749,288284,790
2026-09-10,BLR-HYD,30,60,2933.8,1263.34,4197.14,3369.59,4954.43,0.029958,0.15,0.004494,172970,474
2026-09-10,BLR-HYD,45,60,3111.04,1263.72,4374.76,3581.65,5126.15,0.029958,0.1,0.002996,115314,316
2026-09-10,BOM-BLR,1,45,9733.06,1560.66,11293.72,9516.94,13461.14,0.054135,0.15,0.00812,312561,856
2026-09-10,BOM-BLR,7,48,5899.02,1353.37,7252.39,6156.26,8671.4,0.054135,0.35,0.018947,729308,1998
2026-09-10,BOM-BLR,15,48,5257.65,1332.7,6590.36,5353.05,7774.69,0.054135,0.25,0.013534,520934,1427
2026-09-10,BOM-BLR,30,48,3742.96,1277.17,5020.12,4254.11,5879.3,0.054135,0.15,0.00812,312561,856
2026-09-10,BOM-BLR,45,48,3964.46,1280.34,5244.79,4140.07,6230.52,0.054135,0.1,0.005414,208374,571
2026-09-10,BOM-DEL,1,78,11862.9,1671.22,13534.12,11201.87,16107.43,0.088971,0.15,0.013346,513696,1407
2026-09-10,BOM-DEL,7,84,7305.63,1458.3,8763.93,7157.36,10321.7,0.088971,0.35,0.03114,1198624,3284
2026-09-10,BOM-DEL,15,84,6496.76,1398.92,7895.68,6301.97,9191.4,0.088971,0.25,0.022243,856160,2346
2026-09-10,BOM-DEL,30,84,4592.56,1312.16,5904.72,4707.01,6980.03,0.088971,0.15,0.013346,513696,1407
2026-09-10,BOM-DEL,45,84,4870.56,1317.27,6187.82,5028.37,7181.74,0.088971,0.1,0.008897,342464,938
2026-09-10,BOM-GOI,1,54,8382.27,1496.93,9879.2,8181.5,11575.49,0.019573,0.15,0.002936,113008,310
2026-09-10,BOM-GOI,7,60,5132.77,1335.08,6467.85,5422.44,7546.21,0.019573,0.35,0.006851,263686,722
2026-09-10,BOM-GOI,15,60,4543.97,1290.45,5834.43,4992.89,6789.94,0.019573,0.25,0.004893,188348,516
2026-09-10,BOM-GOI,30,60,3266.79,1229.53,4496.31,3614.01,5253.08,0.019573,0.15,0.002936,113008,310
2026-09-10,BOM-GOI,45,60,3449.63,1250.89,4700.52,3744.95,5563.51,0.019573,0.1,0.001957,75339,206
2026-09-10,BOM-HYD,1,54,8712.64,1532.76,10245.4,8397.05,12104.24,0.03083,0.15,0.004624,178004,488
2026-09-10,BOM-HYD,7,60,5307.43,1346.67,6654.1,5644.87,7747.04,0.03083,0.35,0.01079,415342,1138
2026-09-10,BOM-HYD,15,60,4711.6,1319.88,6031.49,5156.39,7076.97,0.03083,0.25,0.007708,296673,813
2026-09-10,BOM-HYD,30,60,3356.02,1231.44,4587.46,3796.68,5447.04,0.03083,0.15,0.004624,178004,488
2026-09-10,BOM-HYD,45,60,3557.13,1253.81,4810.94,3949.79,5594.69,0.03083,0.1,0.003083,118669,325
2026-09-10,BOM-MAA,1,54,9733.41,1558.64,11292.05,9194.2,13348.79,0.027707,0.15,0.004156,159973,438
2026-09-10,BOM-MAA,7,60,5966.17,1364.54,7330.71,6259.45,8696.4,0.027707,0.35,0.009697,373271,1023
2026-09-10,BOM-MAA,15,60,5309.08,1338.13,6647.21,5544.05,7618.56,0.027707,0.25,0.006927,266622,730
2026-09-10,BOM-MAA,30,60,3791.84,1281.71,5073.55,4243.62,5849.4,0.027707,0.15,0.004156,159973,438
2026-09-10,BOM-MAA,45,60,3983.03,1279.72,5262.75,4350.68,6241.96,0.027707,0.1,0.002771,106649,292
2026-09-10,CCU-BLR,1,59,13097.55,1695.89,14793.43,12404.81,17614.11,0.029775,0.15,0.004466,171912,471
2026-09-10,CCU-BLR,7,60,8018.57,1424.38,9442.95,7694.26,11084.47,0.029775,0.35,0.010421,401128,1099
2026-09-10,CCU-BLR,15,60,7143.97,1361.51,8505.49,6977.43,9965.24,0.029775,0.25,0.007444,286520,785
2026-09-10,CCU-BLR,30,60,5106.09,1286.56,6392.65,5294.58,7346.02,0.029775,0.15,0.004466,171912,471
2026-09-10,CCU-BLR,45,60,5388.97,1311.14,6700.1,5540.39,7793.08,0.029775,0.1,0.002978,114608,314
2026-09-10,CCU-DEL,1,50,12346.34,1647.13,13993.47,11362.45,16620.82,0.035152,0.15,0.005273,202957,556
2026-09-10,CCU-DEL,7,60,7892.88,1429.19,9322.08,7610.02,10904.77,0.035152,0.35,0.012303,473566,1297
2026-09-10,CCU-DEL,15,60,6686.89,1366.58,8053.46,6668.92,9550.45,0.035152,0.25,0.008788,338262,927
2026-09-10,CCU-DEL,30,60,4971.97,1285.28,6257.24,5295.78,7371.83,0.035152,0.15,0.005273,202957,556
2026-09-10,CCU-DEL,45,60,5064.26,1271.48,6335.74,5352.05,7471.28,0.035152,0.1,0.003515,135305,371
2026-09-10,DEL-BLR,1,46,13638.41,1720.45,15358.86,12721.45,18498.85,0.061053,0.15,0.009158,352503,966
2026-09-10,DEL-BLR,7,48,8391.21,1446.15,9837.36,8001.66,11590.22,0.061053,0.35,0.021369,822506,2253
2026-09-10,DEL-BLR,15,48,7443.33,1393.14,8836.47,7188.25,10497.46,0.061053,0.25,0.015263,587504,1610
2026-09-10,DEL-BLR,30,48,5317.56,1314.94,6632.49,5573.56,7655.62,0.061053,0.15,0.009158,352503,966
2026-09-10,DEL-BLR,45,48,5606.39,1286.04,6892.43,5636.4,8234.77,0.061053,0.1,0.006105,235002,644
2026-09-10,DEL-BOM,1,79,11774.51,1590.26,13364.77,11235.25,15766.68,0.089012,0.15,0.013352,513934,1408
2026-09-10,DEL-BOM,7,84,7192.36,1369.97,8562.33,7268.15,10128.54,0.089012,0.35,0.031154,1199180,3285
2026-09-10,DEL-BOM,15,84,6398.16,1341.59,7739.75,6259.89,9130.83,0.089012,0.25,0.022253,856557,2347
2026-09-10,DEL-BOM,30,84,4523.19,1250.24,5773.43,4713.59,6805.63,0.089012,0.15,0.013352,513934,1408
2026-09-10,DEL-BOM,45,84,4823.06,1264.91,6087.97,4969.22,7117.2,0.089012,0.1,0.008901,342623,939
2026-09-10,DEL-CCU,1,59,12493.68,1655.33,14149.0,11628.9,16604.11,0.036822,0.15,0.005523,212601,582
2026-09-10,DEL-CCU,7,60,8002.01,1438.16,9440.17,7525.16,11104.42,0.036822,0.35,0.012888,496069,1359
2026-09-10,DEL-CCU,15,60,6764.26,1386.81,8151.08,6800.96,9694.93,0.036822,0.25,0.009206,354335,971
2026-09-10,DEL-CCU,30,60,5026.56,1277.64,6304.2,5158.63,7392.64,0.036822,0.15,0.005523,212601,582
2026-09-10,DEL-CCU,45,60,5101.19,1289.43,6390.62,5197.95,7429.26,0.036822,0.1,0.003682,141734,388
2026-09-10,DEL-GOI,1,57,14662.45,1750.47,16412.92,13276.91,19463.37,0.020126,0.15,0.003019,116202,318
2026-09-10,DEL-GOI,7,60,9260.4,1485.89,10746.28,8829.23,12623.44,0.020126,0.35,0.007044,271137,743
2026-09-10,DEL-GOI,15,60,7889.38,1406.37,9295.75,7737.63,10932.8,0.020126,0.25,0.005032,193670,531
2026-09-10,DEL-GOI,30,60,5886.02,1297.47,7183.49,5839.54,8450.05,0.020126,0.15,0.003019,116202,318
2026-09-10,DEL-GOI,45,60,5926.27,1320.44,7246.71,5995.95,8556.83,0.020126,0.1,0.002013,77468,212
2026-09-10,DEL-HYD,1,56,10853.08,1572.78,12425.86,10352.79,14760.11,0.04256,0.15,0.006384,245728,673
2026-09-10,DEL-HYD,7,60,6964.64,1363.52,8328.16,6928.34,9959.03,0.04256,0.35,0.014896,573366,1571
2026-09-10,DEL-HYD,15,60,5942.45,1335.82,7278.27,5886.65,8603.91,0.04256,0.25,0.01064,409547,1122
2026-09-10,DEL-HYD,30,60,4417.65,1247.08,5664.72,4528.66,6645.31,0.04256,0.15,0.006384,245728,673
2026-09-10,DEL-HYD,45,60,4485.83,1261.99,5747.82,4550.65,6638.37,0.04256,0.1,0.004256,163819,449
2026-09-10,DEL-MAA,1,57,12719.44,1651.68,14371.12,11904.4,16953.3,0.031972,0.15,0.004796,184596,506
2026-09-10,DEL-MAA,7,60,8134.14,1420.18,9554.32,7808.43,11136.2,0.031972,0.35,0.01119,430725,1180
2026-09-10,DEL-MAA,15,60,6893.28,1358.19,8251.47,6857.95,9797.19,0.031972,0.25,0.007993,307660,843
2026-09-10,DEL-MAA,30,60,5161.5,1281.54,6443.04,5135.82,7524.41,0.031972,0.15,0.004796,184596,506
2026-09-10,DEL-MAA,45,60,5230.59,1271.37,6501.96,5222.22,7682.77,0.031972,0.1,0.003197,123064,337
2026-09-10,DEL-PNQ,1,57,11486.62,1574.86,13061.48,10790.71,15433.12,0.038186,0.15,0.005728,220477,604
2026-09-10,DEL-PNQ,7,60,7312.1,1391.06,8703.17,7020.49,10305.09,0.038186,0.35,0.013365,514447,1409
2026-09-10,DEL-PNQ,15,60,6197.5,1338.61,7536.11,6146.05,8846.38,0.038186,0.25,0.009546,367462,1007
2026-09-10,DEL-PNQ,30,60,4619.64,1247.09,5866.73,4822.06,6730.49,0.038186,0.15,0.005728,220477,604
2026-09-10,DEL-PNQ,45,60,4688.17,1257.12,5945.29,4762.32,7031.92,0.038186,0.1,0.003819,146985,403
2026-09-10,GOI-DEL,1,54,14290.53,1740.33,16030.86,13271.52,18840.5,0.02045,0.15,0.003068,118072,323
2026-09-10,GOI-DEL,7,60,9135.44,1464.85,10600.28,9018.52,12341.17,0.02045,0.35,0.007157,275502,755
2026-09-10,GOI-DEL,15,60,7718.3,1393.03,9111.33,7330.15,10800.09,0.02045,0.25,0.005112,196787,539
2026-09-10,GOI-DEL,30,60,5780.12,1304.89,7085.01,5758.05,8426.39,0.02045,0.15,0.003068,118072,323
2026-09-10,GOI-DEL,45,60,5857.46,1328.97,7186.43,5996.52,8552.81,0.02045,0.1,0.002045,78715,216
2026-09-10,HYD-BLR,1,53,7512.97,1390.46,8903.43,7426.21,10329.23,0.029629,0.15,0.004444,171070,469
2026-09-10,HYD-BLR,7,60,4566.23,1262.86,5829.09,4800.92,6785.6,0.029629,0.35,0.01037,399163,1094
2026-09-10,HYD-BLR,15,60,4044.59,1218.12,5262.71,4140.07,6109.87,0.029629,0.25,0.007407,285116,781
2026-09-10,HYD-BLR,30,60,2874.78,1156.01,4030.79,3210.89,4656.9,0.029629,0.15,0.004444,171070,469
2026-09-10,HYD-BLR,45,60,3068.8,1186.28,4255.08,3459.1,5011.43,0.029629,0.1,0.002963,114047,312
2026-09-10,HYD-BOM,1,55,8550.5,1454.58,10005.08,8353.53,11599.38,0.030308,0.15,0.004546,174988,479
2026-09-10,HYD-BOM,7,60,5233.4,1285.57,6518.97,5313.5,7646.34,0.030308,0.35,0.010608,408306,1119
2026-09-10,HYD-BOM,15,60,4646.51,1249.77,5896.28,5019.02,6860.23,0.030308,0.25,0.007577,291647,799
2026-09-10,HYD-BOM,30,60,3307.84,1184.12,4491.96,3685.64,5289.88,0.030308,0.15,0.004546,174988,479
2026-09-10,HYD-BOM,45,60,3505.29,1181.77,4687.06,3858.74,5565.95,0.030308,0.1,0.003031,116659,320
2026-09-10,HYD-DEL,1,53,10827.2,1575.03,12402.23,10231.64,14287.75,0.043067,0.15,0.00646,248660,681
2026-09-10,HYD-DEL,7,60,6936.65,1363.23,8299.87,7110.31,9741.63,0.043067,0.35,0.015073,580206,1590
2026-09-10,HYD-DEL,15,60,5822.97,1312.95,7135.92,5714.63,8324.76,0.043067,0.25,0.010767,414432,1135
2026-09-10,HYD-DEL,30,60,4362.64,1227.82,5590.46,4606.82,6442.57,0.043067,0.15,0.00646,248660,681
2026-09-10,HYD-DEL,45,60,4425.04,1250.41,5675.45,4743.19,6674.57,0.043067,0.1,0.004307,165773,454
2026-09-10,MAA-BOM,1,55,9678.6,1482.52,11161.12,9328.78,13027.42,0.027186,0.15,0.004078,156966,430
2026-09-10,MAA-BOM,7,60,5899.57,1312.95,7212.52,6110.05,8576.44,0.027186,0.35,0.009515,366253,1003
2026-09-10,MAA-BOM,15,60,5201.17,1269.24,6470.41,5297.0,7687.92,0.027186,0.25,0.006796,261610,717
2026-09-10,MAA-BOM,30,60,3720.83,1209.53,4930.36,3909.98,5756.06,0.027186,0.15,0.004078,156966,430
2026-09-10,MAA-BOM,45,60,3928.56,1216.88,5145.44,4177.73,6178.88,0.027186,0.1,0.002719,104644,287
2026-09-10,MAA-DEL,1,51,12599.73,1651.82,14251.54,11771.43,16577.04,0.03175,0.15,0.004762,183318,502
2026-09-10,MAA-DEL,7,60,8073.13,1414.0,9487.13,7608.61,11260.87,0.03175,0.35,0.011112,427742,1172
2026-09-10,MAA-DEL,15,60,6809.89,1367.52,8177.41,6810.01,9607.82,0.03175,0.25,0.007938,305530,837
2026-09-10,MAA-DEL,30,60,5083.39,1283.59,6366.98,5312.54,7448.83,0.03175,0.15,0.004762,183318,502
2026-09-10,MAA-DEL,45,60,5124.88,1283.75,6408.63,5168.65,7656.01,0.03175,0.1,0.003175,122212,335
2026-09-10,PNQ-DEL,1,52,11550.62,1602.08,13152.7,10990.51,15180.05,0.037779,0.15,0.005667,218129,598
2026-09-10,PNQ-DEL,7,60,7441.54,1386.5,8828.03,7500.25,10418.22,0.037779,0.35,0.013223,508969,1394
2026-09-10,PNQ-DEL,15,60,6279.27,1328.33,7607.6,6387.26,8999.14,0.037779,0.25,0.009445,363549,996
2026-09-10,PNQ-DEL,30,60,4691.24,1266.47,5957.71,4932.18,6933.1,0.037779,0.15,0.005667,218129,598
2026-09-10,PNQ-DEL,45,60,4716.15,1242.03,5958.18,4935.56,7078.3,0.037779,0.1,0.003778,145420,398
2026-09-11,BLR-BOM,1,45,8289.48,1509.69,9799.17,8034.61,10980.65,0.052761,0.15,0.007914,304626,835
2026-09-11,BLR-BOM,7,48,6682.3,1410.2,8092.5,6849.65,9088.73,0.052761,0.35,0.018466,710793,1947
2026-09-11,BLR-BOM,15,48,4500.08,1322.97,5823.05,4784.01,6449.41,0.052761,0.25,0.01319,507709,1391
2026-09-11,BLR-BOM,30,48,4233.56,1304.89,5538.45,4707.84,6128.01,0.052761,0.15,0.007914,304626,835
2026-09-11,BLR-BOM,45,48,3900.84,1302.5,5203.34,4141.85,5807.7,0.052761,0.1,0.005276,203084,556
2026-09-11,BLR-CCU,1,57,11529.37,1693.36,13222.74,10941.3,15366.34,0.030679,0.15,0.004602,177135,485
2026-09-11,BLR-CCU,7,60,9305.32,1553.23,10858.55,9113.69,12802.1,0.030679,0.35,0.010738,413315,1132
2026-09-11,BLR-CCU,15,60,6282.33,1421.73,7704.06,6269.22,9060.32,0.030679,0.25,0.00767,295225,809
2026-09-11,BLR-CCU,30,60,5912.65,1401.89,7314.54,6107.98,8609.9,0.030679,0.15,0.004602,177135,485
2026-09-11,BLR-CCU,45,60,5436.49,1386.42,6822.92,5672.29,8022.28,0.030679,0.1,0.003068,118090,324
2026-09-11,BLR-DEL,1,44,11190.36,1660.53,12850.88,11556.47,14239.05,0.060559,0.15,0.009084,349654,958
2026-09-11,BLR-DEL,7,48,9072.01,1544.64,10616.65,9728.16,11667.32,0.060559,0.35,0.021196,815858,2235
2026-09-11,BLR-DEL,15,48,6080.72,1413.33,7494.06,6899.31,8175.71,0.060559,0.25,0.01514,582756,1597
2026-09-11,BLR-DEL,30,48,5741.02,1379.54,7120.56,6523.97,7728.01,0.060559,0.15,0.009084,349654,958
2026-09-11,BLR-DEL,45,48,5269.82,1353.75,6623.57,5876.63,7386.03,0.060559,0.1,0.006056,233102,639
2026-09-11,BLR-HYD,1,57,6606.35,1429.03,8035.38,6674.89,9364.07,0.029958,0.15,0.004494,172970,474
2026-09-11,BLR-HYD,7,60,5336.16,1362.37,6698.53,5488.26,7905.65,0.029958,0.35,0.010485,403598,1106
2026-09-11,BLR-HYD,15,60,3574.19,1280.53,4854.72,4029.74,5661.92,0.029958,0.25,0.00749,288284,790
2026-09-11,BLR-HYD,30,60,3381.03,1274.5,4655.53,3921.48,5495.52,0.029958,0.15,0.004494,172970,474
2026-09-11,BLR-HYD,45,60,3119.09,1247.21,4366.3,3676.07,5120.09,0.029958,0.1,0.002996,115314,316
2026-09-11,BOM-BLR,1,46,8466.43,1490.5,9956.93,8085.45,11902.69,0.054135,0.15,0.00812,312561,856
2026-09-11,BOM-BLR,7,48,6818.99,1420.68,8239.68,6712.75,9734.61,0.054135,0.35,0.018947,729308,1998
2026-09-11,BOM-BLR,15,48,4569.37,1311.77,5881.15,4864.75,6995.15,0.054135,0.25,0.013534,520934,1427
2026-09-11,BOM-BLR,30,48,4319.68,1292.64,5612.32,4665.67,6708.03,0.054135,0.15,0.00812,312561,856
2026-09-11,BOM-BLR,45,48,3957.54,1273.98,5231.52,4308.24,6135.49,0.054135,0.1,0.005414,208374,571
2026-09-11,BOM-DEL,1,114,10315.79,1579.52,11895.31,9855.09,13935.77,0.088971,0.15,0.013346,513696,1407
2026-09-11,BOM-DEL,7,122,8348.87,1487.61,9836.48,7901.72,11581.38,0.088971,0.35,0.03114,1198624,3284
2026-09-11,BOM-DEL,15,122,5602.05,1346.8,6948.85,5695.21,8129.9,0.088971,0.25,0.022243,856160,2346
2026-09-11,BOM-DEL,30,84,5302.01,1344.2,6646.22,5446.68,7763.15,0.088971,0.15,0.013346,513696,1407
2026-09-11,BOM-DEL,45,84,4871.06,1312.65,6183.71,5109.62,7261.44,0.088971,0.1,0.008897,342464,938
2026-09-11,BOM-GOI,1,56,7368.99,1428.12,8797.11,7313.8,10302.6,0.019573,0.15,0.002936,113008,310
2026-09-11,BOM-GOI,7,60,5886.43,1342.47,7228.89,5964.18,8537.5,0.019573,0.35,0.006851,263686,722
2026-09-11,BOM-GOI,15,60,3993.41,1274.81,5268.22,4377.3,6155.02,0.019573,0.25,0.004893,188348,516
2026-09-11,BOM-GOI,30,60,3736.34,1265.76,5002.11,3971.44,5752.82,0.019573,0.15,0.002936,113008,310
2026-09-11,BOM-GOI,45,60,3452.47,1237.6,4690.07,3681.56,5513.73,0.019573,0.1,0.001957,75339,206
2026-09-11,BOM-HYD,1,54,7583.39,1476.31,9059.71,7508.65,10774.5,0.03083,0.15,0.004624,178004,488
2026-09-11,BOM-HYD,7,60,6131.66,1382.87,7514.52,6255.53,8937.42,0.03083,0.35,0.01079,415342,1138
2026-09-11,BOM-HYD,15,60,4091.9,1288.19,5380.09,4387.58,6371.72,0.03083,0.25,0.007708,296673,813
2026-09-11,BOM-HYD,30,60,3874.13,1259.13,5133.26,4286.86,6000.97,0.03083,0.15,0.004624,178004,488
2026-09-11,BOM-HYD,45,60,3544.67,1257.08,4801.75,3950.66,5627.9,0.03083,0.1,0.003083,118669,325
2026-09-11,BOM-MAA,1,55,8524.09,1497.73,10021.82,8103.75,11639.12,0.027707,0.15,0.004156,159973,438
2026-09-11,BOM-MAA,7,60,6909.61,1422.26,8331.87,6913.01,9749.88,0.027707,0.35,0.009697,373271,1023
2026-09-11,BOM-MAA,15,60,4603.3,1293.47,5896.77,4863.28,6809.86,0.027707,0.25,0.006927,266622,730
2026-09-11,BOM-MAA,30,60,4338.64,1309.8,5648.44,4695.43,6563.63,0.027707,0.15,0.004156,159973,438
2026-09-11,BOM-MAA,45,60,3985.77,1289.23,5275.0,4373.42,6178.31,0.027707,0.1,0.002771,106649,292
2026-09-11,CCU-BLR,1,55,11477.83,1616.97,13094.8,10909.4,15518.91,0.029775,0.15,0.004466,171912,471
2026-09-11,CCU-BLR,7,60,9289.98,1481.57,10771.55,8997.32,12776.51,0.029775,0.35,0.010421,401128,1099
2026-09-11,CCU-BLR,15,60,6206.71,1322.49,7529.2,6110.67,8996.39,0.029775,0.25,0.007444,286520,785
2026-09-11,CCU-BLR,30,60,5832.16,1299.37,7131.52,5913.83,8522.55,0.029775,0.15,0.004466,171912,471
2026-09-11,CCU-BLR,45,60,5387.17,1280.57,6667.74,5445.53,7921.27,0.029775,0.1,0.002978,114608,314
2026-09-11,CCU-DEL,1,57,11234.01,1582.21,12816.22,10808.58,14984.0,0.035152,0.15,0.005273,202957,556
2026-09-11,CCU-DEL,7,60,8666.77,1459.65,10126.41,8255.67,12037.06,0.035152,0.35,0.012303,473566,1297
2026-09-11,CCU-DEL,15,60,6101.23,1328.66,7429.89,6052.1,8694.48,0.035152,0.25,0.008788,338262,927
2026-09-11,CCU-DEL,30,60,5513.85,1281.85,6795.69,5557.73,8010.59,0.035152,0.15,0.005273,202957,556
2026-09-11,CCU-DEL,45,60,5036.49,1261.03,6297.52,5206.97,7332.48,0.035152,0.1,0.003515,135305,371
2026-09-11,DEL-BLR,1,45,11945.49,1627.93,13573.42,11403.79,16246.28,0.061053,0.15,0.009158,352503,966
2026-09-11,DEL-BLR,7,48,9660.96,1520.07,11181.02,9205.6,13320.71,0.061053,0.35,0.021369,822506,2253
2026-09-11,DEL-BLR,15,48,6490.3,1346.36,7836.66,6306.59,9304.28,0.061053,0.25,0.015263,587504,1610
2026-09-11,DEL-BLR,30,48,6094.4,1326.39,7420.79,6037.2,8698.36,0.061053,0.15,0.009158,352503,966
2026-09-11,DEL-BLR,45,48,5601.27,1301.9,6903.17,5782.29,8001.52,0.061053,0.1,0.006105,235002,644
2026-09-11,DEL-BOM,1,113,10194.27,1516.57,11710.83,9758.48,13715.36,0.089012,0.15,0.013352,513934,1408
2026-09-11,DEL-BOM,7,122,8236.1,1434.98,9671.08,8080.92,11396.44,0.089012,0.35,0.031154,1199180,3285
2026-09-11,DEL-BOM,15,122,5523.55,1289.7,6813.26,5709.66,8128.38,0.089012,0.25,0.022253,856557,2347
2026-09-11,DEL-BOM,30,84,5221.42,1277.54,6498.96,5509.67,7725.81,0.089012,0.15,0.013352,513934,1408
2026-09-11,DEL-BOM,45,84,4802.13,1266.8,6068.93,4988.8,7099.92,0.089012,0.1,0.008901,342623,939
2026-09-11,DEL-CCU,1,56,11321.56,1587.83,12909.39,10679.44,15373.86,0.036822,0.15,0.005523,212601,582
2026-09-11,DEL-CCU,7,60,8738.6,1477.8,10216.4,8404.53,12099.62,0.036822,0.35,0.012888,496069,1359
2026-09-11,DEL-CCU,15,60,6131.72,1319.52,7451.24,6195.73,8603.95,0.036822,0.25,0.009206,354335,971
2026-09-11,DEL-CCU,30,60,5517.13,1319.8,6836.92,5710.6,7971.45,0.036822,0.15,0.005523,212601,582
2026-09-11,DEL-CCU,45,60,5123.06,1252.42,6375.48,5269.94,7549.4,0.036822,0.1,0.003682,141734,388
2026-09-11,DEL-GOI,1,57,13249.75,1685.97,14935.72,12588.06,17774.56,0.020126,0.15,0.003019,116202,318
2026-09-11,DEL-GOI,7,60,10213.21,1551.33,11764.54,9797.94,13992.8,0.020126,0.35,0.007044,271137,743
2026-09-11,DEL-GOI,15,60,7150.37,1387.88,8538.26,7161.88,10145.86,0.020126,0.25,0.005032,193670,531
2026-09-11,DEL-GOI,30,60,6473.4,1352.3,7825.7,6513.11,9153.28,0.020126,0.15,0.003019,116202,318
2026-09-11,DEL-GOI,45,60,5939.31,1314.8,7254.11,5806.14,8669.73,0.020126,0.1,0.002013,77468,212
2026-09-11,DEL-HYD,1,53,9826.33,1529.01,11355.33,9600.34,13546.07,0.04256,0.15,0.006384,245728,673
2026-09-11,DEL-HYD,7,60,7671.99,1398.63,9070.62,7360.57,10684.18,0.04256,0.35,0.014896,573366,1571
2026-09-11,DEL-HYD,15,60,5370.23,1306.42,6676.65,5573.01,7960.83,0.04256,0.25,0.01064,409547,1122
2026-09-11,DEL-HYD,30,60,4871.91,1252.48,6124.39,5039.54,7176.82,0.04256,0.15,0.006384,245728,673
2026-09-11,DEL-HYD,45,60,4481.54,1241.51,5723.05,4620.73,6749.6,0.04256,0.1,0.004256,163819,449
2026-09-11,DEL-MAA,1,51,11609.19,1587.67,13196.86,11004.05,15357.71,0.031972,0.15,0.004796,184596,506
2026-09-11,DEL-MAA,7,60,8945.83,1477.1,10422.93,8687.3,12154.1,0.031972,0.35,0.01119,430725,1180
2026-09-11,DEL-MAA,15,60,6270.22,1339.02,7609.24,6462.16,8975.48,0.031972,0.25,0.007993,307660,843
2026-09-11,DEL-MAA,30,60,5661.25,1313.46,6974.71,5835.12,8180.55,0.031972,0.15,0.004796,184596,506
2026-09-11,DEL-MAA,45,60,5222.81,1267.93,6490.74,5189.22,7633.99,0.031972,0.1,0.003197,123064,337
2026-09-11,DEL-PNQ,1,55,10320.61,1533.78,11854.39,9909.91,14198.23,0.038186,0.15,0.005728,220477,604
2026-09-11,DEL-PNQ,7,60,8015.73,1433.87,9449.6,7834.76,10785.75,0.038186,0.35,0.013365,514447,1409
2026-09-11,DEL-PNQ,15,60,5640.1,1299.19,6939.28,5660.67,8020.89,0.038186,0.25,0.009546,367462,1007
2026-09-11,DEL-PNQ,30,60,5083.0,1284.43,6367.43,5286.86,7400.89,0.038186,0.15,0.005728,220477,604
2026-09-11,DEL-PNQ,45,60,4679.84,1262.77,5942.61,4766.53,6977.46,0.038186,0.1,0.003819,146985,403
2026-09-11,GOI-DEL,1,52,13043.89,1675.6,14719.49,12025.36,17341.08,0.02045,0.15,0.003068,118072,323
2026-09-11,GOI-DEL,7,60,10025.33,1521.28,11546.61,9635.49,13346.07,0.02045,0.35,0.007157,275502,755
2026-09-11,GOI-DEL,15,60,7029.57,1356.33,8385.9,7110.25,10040.59,0.02045,0.25,0.005112,196787,539
2026-09-11,GOI-DEL,30,60,6375.17,1353.76,7728.93,6459.62,9053.14,0.02045,0.15,0.003068,118072,323
2026-09-11,GOI-DEL,45,60,5858.81,1310.22,7169.03,6046.13,8353.18,0.02045,0.1,0.002045,78715,216
2026-09-11,HYD-BLR,1,52,6484.01,1361.8,7845.81,6479.57,9340.6,0.029629,0.15,0.004444,171070,469
2026-09-11,HYD-BLR,7,60,5257.47,1296.29,6553.77,5443.68,7673.63,0.029629,0.35,0.01037,399163,1094
2026-09-11,HYD-BLR,15,60,3512.97,1209.78,4722.75,3811.08,5492.66,0.029629,0.25,0.007407,285116,781
2026-09-11,HYD-BLR,30,60,3306.96,1188.54,4495.5,3609.02,5261.04,0.029629,0.15,0.004444,171070,469
2026-09-11,HYD-BLR,45,60,3053.76,1164.77,4218.53,3366.9,4955.78,0.029629,0.1,0.002963,114047,312
2026-09-11,HYD-BOM,1,55,7447.22,1413.55,8860.77,7470.57,10305.15,0.030308,0.15,0.004546,174988,479
2026-09-11,HYD-BOM,7,60,6017.04,1306.16,7323.19,6054.48,8701.89,0.030308,0.35,0.010608,408306,1119
2026-09-11,HYD-BOM,15,60,4033.44,1232.87,5266.31,4278.03,6056.12,0.030308,0.25,0.007577,291647,799
2026-09-11,HYD-BOM,30,60,3787.8,1200.23,4988.04,3982.99,5777.24,0.030308,0.15,0.004546,174988,479
2026-09-11,HYD-BOM,45,60,3496.17,1198.85,4695.02,3960.75,5434.46,0.030308,0.1,0.003031,116659,320
2026-09-11,HYD-DEL,1,55,9863.84,1503.83,11367.66,9446.67,13275.93,0.043067,0.15,0.00646,248660,681
2026-09-11,HYD-DEL,7,60,7592.62,1407.49,9000.1,7477.53,10618.73,0.043067,0.35,0.015073,580206,1590
2026-09-11,HYD-DEL,15,60,5308.94,1279.83,6588.76,5361.28,7715.59,0.043067,0.25,0.010767,414432,1135
2026-09-11,HYD-DEL,30,60,4804.99,1252.27,6057.26,5131.98,7001.0,0.043067,0.15,0.00646,248660,681
2026-09-11,HYD-DEL,45,60,4399.34,1238.57,5637.92,4638.41,6646.95,0.043067,0.1,0.004307,165773,454
2026-09-11,MAA-BOM,1,57,8376.29,1443.35,9819.64,8212.3,11654.39,0.027186,0.15,0.004078,156966,430
2026-09-11,MAA-BOM,7,60,6758.06,1369.47,8127.54,6833.04,9635.23,0.027186,0.35,0.009515,366253,1003
2026-09-11,MAA-BOM,15,60,4530.22,1246.65,5776.87,4825.28,6751.86,0.027186,0.25,0.006796,261610,717
2026-09-11,MAA-BOM,30,60,4295.49,1253.13,5548.63,4443.85,6576.36,0.027186,0.15,0.004078,156966,430
2026-09-11,MAA-BOM,45,60,3946.42,1219.75,5166.17,4101.18,5914.29,0.027186,0.1,0.002719,104644,287
2026-09-11,MAA-DEL,1,60,11493.39,1605.43,13098.82,10784.15,15413.0,0.03175,0.15,0.004762,183318,502
2026-09-11,MAA-DEL,7,60,8871.09,1461.23,10332.32,8595.45,12154.0,0.03175,0.35,0.011112,427742,1172
2026-09-11,MAA-DEL,15,60,6206.07,1310.42,7516.49,6209.89,8991.18,0.03175,0.25,0.007938,305530,837
2026-09-11,MAA-DEL,30,60,5615.62,1278.46,6894.08,5806.16,8139.35,0.03175,0.15,0.004762,183318,502
2026-09-11,MAA-DEL,45,60,5173.72,1279.78,6453.5,5302.5,7541.53,0.03175,0.1,0.003175,122212,335
2026-09-11,PNQ-DEL,1,54,10506.87,1530.21,12037.08,9958.27,14368.61,0.037779,0.15,0.005667,218129,598
2026-09-11,PNQ-DEL,7,60,8063.33,1415.65,9478.97,7988.53,11180.94,0.037779,0.35,0.013223,508969,1394
2026-09-11,PNQ-DEL,15,60,5704.87,1307.41,7012.27,5822.39,8371.99,0.037779,0.25,0.009445,363549,996
2026-09-11,PNQ-DEL,30,60,5139.81,1263.42,6403.23,5272.6,7627.8,0.037779,0.15,0.005667,218129,598
2026-09-11,PNQ-DEL,45,60,4732.8,1267.11,5999.91,5079.14,7070.46,0.037779,0.1,0.003778,145420,398
2026-09-12,BLR-BOM,1,22,9514.23,1570.21,11084.44,9511.29,12389.14,0.052761,0.15,0.007914,304626,835
2026-09-12,BLR-BOM,7,24,5833.05,1392.46,7225.51,6220.23,7918.21,0.052761,0.35,0.018466,710793,1947
2026-09-12,BLR-BOM,15,24,5166.65,1340.88,6507.53,5613.02,7179.23,0.052761,0.25,0.01319,507709,1391
2026-09-12,BLR-BOM,30,24,4203.23,1328.91,5532.14,4480.18,6181.75,0.052761,0.15,0.007914,304626,835
2026-09-12,BLR-BOM,45,24,3396.18,1283.78,4679.96,3727.1,5179.48,0.052761,0.1,0.005276,203084,556
2026-09-12,BLR-CCU,1,28,13334.62,1774.32,15108.94,12479.76,17809.93,0.030679,0.15,0.004602,177135,485
2026-09-12,BLR-CCU,7,30,8142.14,1527.91,9670.05,8008.8,11444.08,0.030679,0.35,0.010738,413315,1132
2026-09-12,BLR-CCU,15,30,7201.63,1448.33,8649.97,7262.52,10252.95,0.030679,0.25,0.00767,295225,809
2026-09-12,BLR-CCU,30,30,5959.24,1389.25,7348.48,5980.84,8623.0,0.030679,0.15,0.004602,177135,485
2026-09-12,BLR-CCU,45,30,4720.2,1327.24,6047.44,5086.41,6982.82,0.030679,0.1,0.003068,118090,324
2026-09-12,BLR-DEL,1,22,12950.48,1777.8,14728.27,13248.03,16406.05,0.060559,0.15,0.009084,349654,958
2026-09-12,BLR-DEL,7,24,7861.68,1462.57,9324.25,8639.12,10173.96,0.060559,0.35,0.021196,815858,2235
2026-09-12,BLR-DEL,15,24,7001.64,1480.49,8482.13,7646.82,9336.07,0.060559,0.25,0.01514,582756,1597
2026-09-12,BLR-DEL,30,24,5737.46,1386.89,7124.35,6319.31,7918.16,0.060559,0.15,0.009084,349654,958
2026-09-12,BLR-DEL,45,24,4537.89,1311.24,5849.13,5449.32,6348.5,0.060559,0.1,0.006056,233102,639
2026-09-12,BLR-HYD,1,28,7567.11,1458.74,9025.84,7620.39,10691.55,0.029958,0.15,0.004494,172970,474
2026-09-12,BLR-HYD,7,30,4651.12,1331.92,5983.05,4970.74,6760.7,0.029958,0.35,0.010485,403598,1106
2026-09-12,BLR-HYD,15,30,4089.02,1280.69,5369.7,4514.54,6286.76,0.029958,0.25,0.00749,288284,790
2026-09-12,BLR-HYD,30,30,3384.08,1291.52,4675.6,3819.37,5432.1,0.029958,0.15,0.004494,172970,474
2026-09-12,BLR-HYD,45,30,2708.13,1287.99,3996.12,3158.21,4469.27,0.029958,0.1,0.002996,115314,316
2026-09-12,BOM-BLR,1,21,9716.19,1562.76,11278.95,9504.21,13182.83,0.054135,0.15,0.00812,312561,856
2026-09-12,BOM-BLR,7,24,5848.33,1372.42,7220.75,6060.98,8462.97,0.054135,0.35,0.018947,729308,1998
2026-09-12,BOM-BLR,15,24,5260.9,1333.15,6594.05,5682.18,7806.95,0.054135,0.25,0.013534,520934,1427
2026-09-12,BOM-BLR,30,24,4271.73,1308.36,5580.09,4705.18,6606.63,0.054135,0.15,0.00812,312561,856
2026-09-12,BOM-BLR,45,24,3416.02,1230.88,4646.9,3768.25,5386.92,0.054135,0.1,0.005414,208374,571
2026-09-12,BOM-DEL,1,72,12024.02,1654.86,13678.88,11234.3,16007.4,0.088971,0.15,0.013346,513696,1407
2026-09-12,BOM-DEL,7,80,7294.94,1432.4,8727.35,7306.39,10233.83,0.088971,0.35,0.03114,1198624,3284
2026-09-12,BOM-DEL,15,80,6452.16,1397.37,7849.53,6692.84,9259.34,0.088971,0.25,0.022243,856160,2346
2026-09-12,BOM-DEL,30,42,5269.39,1332.54,6601.93,5598.17,7683.45,0.088971,0.15,0.013346,513696,1407
2026-09-12,BOM-DEL,45,42,4225.4,1287.12,5512.52,4497.14,6549.59,0.088971,0.1,0.008897,342464,938
2026-09-12,BOM-GOI,1,29,8446.54,1511.94,9958.48,8363.58,11612.44,0.019573,0.15,0.002936,113008,310
2026-09-12,BOM-GOI,7,30,5159.34,1356.0,6515.35,5187.92,7575.47,0.019573,0.35,0.006851,263686,722
2026-09-12,BOM-GOI,15,30,4580.37,1318.88,5899.25,4902.29,6990.37,0.019573,0.25,0.004893,188348,516
2026-09-12,BOM-GOI,30,30,3747.68,1258.05,5005.73,4281.27,5892.66,0.019573,0.15,0.002936,113008,310
2026-09-12,BOM-GOI,45,30,3017.24,1244.01,4261.25,3473.44,4909.71,0.019573,0.1,0.001957,75339,206
2026-09-12,BOM-HYD,1,27,8635.6,1494.4,10129.99,8650.08,11968.98,0.03083,0.15,0.004624,178004,488
2026-09-12,BOM-HYD,7,30,5283.56,1355.1,6638.66,5644.92,7845.98,0.03083,0.35,0.01079,415342,1138
2026-09-12,BOM-HYD,15,30,4725.1,1279.52,6004.61,5169.58,6895.95,0.03083,0.25,0.007708,296673,813
2026-09-12,BOM-HYD,30,30,3844.3,1283.46,5127.76,4373.3,6026.78,0.03083,0.15,0.004624,178004,488
2026-09-12,BOM-HYD,45,30,3091.37,1212.49,4303.85,3576.43,4990.67,0.03083,0.1,0.003083,118669,325
2026-09-12,BOM-MAA,1,29,9723.93,1556.81,11280.74,9491.75,13344.62,0.027707,0.15,0.004156,159973,438
2026-09-12,BOM-MAA,7,30,5979.5,1357.1,7336.6,6191.46,8649.9,0.027707,0.35,0.009697,373271,1023
2026-09-12,BOM-MAA,15,30,5275.5,1350.17,6625.67,5326.21,7454.84,0.027707,0.25,0.006927,266622,730
2026-09-12,BOM-MAA,30,30,4317.97,1292.34,5610.31,4569.41,6498.42,0.027707,0.15,0.004156,159973,438
2026-09-12,BOM-MAA,45,30,3493.17,1269.25,4762.41,3977.44,5547.5,0.027707,0.1,0.002771,106649,292
2026-09-12,CCU-BLR,1,29,13190.27,1664.19,14854.46,12511.37,17367.14,0.029775,0.15,0.004466,171912,471
2026-09-12,CCU-BLR,7,30,8032.08,1373.99,9406.07,7823.07,11133.31,0.029775,0.35,0.010421,401128,1099
2026-09-12,CCU-BLR,15,30,7168.68,1371.22,8539.9,7120.91,10016.55,0.029775,0.25,0.007444,286520,785
2026-09-12,CCU-BLR,30,30,5854.36,1312.61,7166.97,5941.06,8392.49,0.029775,0.15,0.004466,171912,471
2026-09-12,CCU-BLR,45,30,4664.6,1275.0,5939.6,4783.03,6851.88,0.029775,0.1,0.002978,114608,314
2026-09-12,CCU-DEL,1,28,12276.46,1662.44,13938.89,11668.37,16505.36,0.035152,0.15,0.005273,202957,556
2026-09-12,CCU-DEL,7,30,7881.76,1429.04,9310.8,7749.01,10736.76,0.035152,0.35,0.012303,473566,1297
2026-09-12,CCU-DEL,15,30,6715.09,1355.1,8070.19,6511.05,9529.23,0.035152,0.25,0.008788,338262,927
2026-09-12,CCU-DEL,30,30,5496.43,1309.59,6806.02,5728.46,7815.39,0.035152,0.15,0.005273,202957,556
2026-09-12,CCU-DEL,45,30,4586.16,1265.58,5851.74,4938.91,6887.39,0.035152,0.1,0.003515,135305,371
2026-09-12,DEL-BLR,1,23,13665.45,1699.7,15365.15,12993.71,18361.39,0.061053,0.15,0.009158,352503,966
2026-09-12,DEL-BLR,7,24,8360.87,1435.72,9796.59,8396.5,11683.31,0.061053,0.35,0.021369,822506,2253
2026-09-12,DEL-BLR,15,24,7430.16,1401.77,8831.93,7491.76,10287.8,0.061053,0.25,0.015263,587504,1610
2026-09-12,DEL-BLR,30,24,6070.19,1341.45,7411.65,6234.68,8783.53,0.061053,0.15,0.009158,352503,966
2026-09-12,DEL-BLR,45,24,4879.6,1266.55,6146.15,5187.09,7167.4,0.061053,0.1,0.006105,235002,644
2026-09-12,DEL-BOM,1,76,11734.29,1613.43,13347.72,11352.89,15886.83,0.089012,0.15,0.013352,513934,1408
2026-09-12,DEL-BOM,7,80,7167.89,1374.87,8542.76,6998.83,10127.74,0.089012,0.35,0.031154,1199180,3285
2026-09-12,DEL-BOM,15,80,6380.48,1347.51,7728.0,6396.35,8999.98,0.089012,0.25,0.022253,856557,2347
2026-09-12,DEL-BOM,30,42,5205.96,1294.19,6500.15,5232.62,7662.45,0.089012,0.15,0.013352,513934,1408
2026-09-12,DEL-BOM,45,42,4162.53,1219.56,5382.09,4506.82,6251.37,0.089012,0.1,0.008901,342623,939
2026-09-12,DEL-CCU,1,28,12405.53,1637.92,14043.45,11773.24,16772.98,0.036822,0.15,0.005523,212601,582
2026-09-12,DEL-CCU,7,30,8003.42,1448.95,9452.36,7759.95,11029.26,0.036822,0.35,0.012888,496069,1359
2026-09-12,DEL-CCU,15,30,6778.69,1374.57,8153.26,6936.65,9271.31,0.036822,0.25,0.009206,354335,971
2026-09-12,DEL-CCU,30,30,5540.72,1309.46,6850.18,5791.75,7902.3,0.036822,0.15,0.005523,212601,582
2026-09-12,DEL-CCU,45,30,4631.67,1227.43,5859.1,4614.91,6959.98,0.036822,0.1,0.003682,141734,388
2026-09-12,DEL-GOI,1,25,14600.78,1737.37,16338.15,13425.62,18602.61,0.020126,0.15,0.003019,116202,318
2026-09-12,DEL-GOI,7,30,9268.93,1508.25,10777.18,8940.17,12816.41,0.020126,0.35,0.007044,271137,743
2026-09-12,DEL-GOI,15,30,7884.86,1424.23,9309.09,7827.08,10613.71,0.020126,0.25,0.005032,193670,531
2026-09-12,DEL-GOI,30,30,6452.77,1346.23,7799.0,6510.03,9243.26,0.020126,0.15,0.003019,116202,318
2026-09-12,DEL-GOI,45,30,5408.63,1278.88,6687.52,5685.84,7884.6,0.020126,0.1,0.002013,77468,212
2026-09-12,DEL-HYD,1,28,10821.11,1544.73,12365.84,10266.35,14558.88,0.04256,0.15,0.006384,245728,673
2026-09-12,DEL-HYD,7,30,6967.25,1348.82,8316.07,6920.94,9667.95,0.04256,0.35,0.014896,573366,1571
2026-09-12,DEL-HYD,15,30,5912.46,1315.77,7228.23,5944.68,8454.03,0.04256,0.25,0.01064,409547,1122
2026-09-12,DEL-HYD,30,30,4873.1,1255.78,6128.88,5227.34,7187.91,0.04256,0.15,0.006384,245728,673
2026-09-12,DEL-HYD,45,30,4054.29,1232.6,5286.89,4395.35,6038.87,0.04256,0.1,0.004256,163819,449
2026-09-12,DEL-MAA,1,28,12805.37,1667.81,14473.18,11888.9,17038.03,0.031972,0.15,0.004796,184596,506
2026-09-12,DEL-MAA,7,30,8158.64,1469.19,9627.83,7935.71,11167.05,0.031972,0.35,0.01119,430725,1180
2026-09-12,DEL-MAA,15,30,6951.44,1365.26,8316.7,7101.12,9788.93,0.031972,0.25,0.007993,307660,843
2026-09-12,DEL-MAA,30,30,5610.08,1306.07,6916.15,5914.27,8233.75,0.031972,0.15,0.004796,184596,506
2026-09-12,DEL-MAA,45,30,4722.72,1272.02,5994.73,4933.94,7065.28,0.031972,0.1,0.003197,123064,337
2026-09-12,DEL-PNQ,1,29,11355.1,1588.26,12943.36,10947.51,15382.1,0.038186,0.15,0.005728,220477,604
2026-09-12,DEL-PNQ,7,30,7364.15,1400.83,8764.98,7202.35,10301.25,0.038186,0.35,0.013365,514447,1409
2026-09-12,DEL-PNQ,15,30,6253.42,1304.43,7557.85,6029.7,8944.99,0.038186,0.25,0.009546,367462,1007
2026-09-12,DEL-PNQ,30,30,5066.97,1298.74,6365.71,5155.23,7456.12,0.038186,0.15,0.005728,220477,604
2026-09-12,DEL-PNQ,45,30,4246.75,1259.19,5505.94,4532.11,6405.19,0.038186,0.1,0.003819,146985,403
2026-09-12,GOI-DEL,1,27,14485.63,1722.07,16207.7,13802.62,18923.06,0.02045,0.15,0.003068,118072,323
2026-09-12,GOI-DEL,7,30,9065.87,1457.13,10523.0,8760.35,12372.79,0.02045,0.35,0.007157,275502,755
2026-09-12,GOI-DEL,15,30,7733.23,1407.07,9140.29,7695.05,10604.1,0.02045,0.25,0.005112,196787,539
2026-09-12,GOI-DEL,30,30,6358.71,1342.37,7701.08,6272.83,9024.26,0.02045,0.15,0.003068,118072,323
2026-09-12,GOI-DEL,45,30,5330.34,1280.81,6611.16,5807.1,7686.14,0.02045,0.1,0.002045,78715,216
2026-09-12,HYD-BLR,1,27,7520.69,1381.66,8902.35,7490.47,10206.82,0.029629,0.15,0.004444,171070,469
2026-09-12,HYD-BLR,7,30,4563.67,1285.32,5848.99,4908.33,6928.77,0.029629,0.35,0.01037,399163,1094
2026-09-12,HYD-BLR,15,30,4074.17,1217.46,5291.63,4134.99,6206.22,0.029629,0.25,0.007407,285116,781
2026-09-12,HYD-BLR,30,30,3319.96,1186.4,4506.36,3672.29,5199.57,0.029629,0.15,0.004444,171070,469
2026-09-12,HYD-BLR,45,30,2632.64,1164.12,3796.75,3104.78,4446.17,0.029629,0.1,0.002963,114047,312
2026-09-12,HYD-BOM,1,28,8571.91,1473.19,10045.1,8472.49,11741.27,0.030308,0.15,0.004546,174988,479
2026-09-12,HYD-BOM,7,30,5182.38,1283.57,6465.94,5222.48,7683.39,0.030308,0.35,0.010608,408306,1119
2026-09-12,HYD-BOM,15,30,4646.45,1228.71,5875.16,4990.25,6818.31,0.030308,0.25,0.007577,291647,799
2026-09-12,HYD-BOM,30,30,3810.81,1235.17,5045.98,4188.18,5914.56,0.030308,0.15,0.004546,174988,479
2026-09-12,HYD-BOM,45,30,3060.03,1183.89,4243.93,3405.28,4990.94,0.030308,0.1,0.003031,116659,320
2026-09-12,HYD-DEL,1,29,10782.08,1541.1,12323.19,10358.29,14016.98,0.043067,0.15,0.00646,248660,681
2026-09-12,HYD-DEL,7,30,6920.76,1361.52,8282.28,6823.23,9689.89,0.043067,0.35,0.015073,580206,1590
2026-09-12,HYD-DEL,15,30,5891.21,1328.25,7219.46,6154.66,8403.85,0.043067,0.25,0.010767,414432,1135
2026-09-12,HYD-DEL,30,30,4783.51,1280.88,6064.4,5003.41,7163.67,0.043067,0.15,0.00646,248660,681
2026-09-12,HYD-DEL,45,30,4017.66,1209.01,5226.67,4345.46,6152.33,0.043067,0.1,0.004307,165773,454
2026-09-12,MAA-BOM,1,30,9587.86,1510.78,11098.63,9390.17,12821.17,0.027186,0.15,0.004078,156966,430
2026-09-12,MAA-BOM,7,30,5856.97,1309.67,7166.64,5880.35,8505.04,0.027186,0.35,0.009515,366253,1003
2026-09-12,MAA-BOM,15,30,5239.8,1301.24,6541.04,5418.88,7668.62,0.027186,0.25,0.006796,261610,717
2026-09-12,MAA-BOM,30,30,4288.23,1214.26,5502.49,4724.86,6508.58,0.027186,0.15,0.004078,156966,430
2026-09-12,MAA-BOM,45,30,3441.22,1175.06,4616.28,3940.08,5368.49,0.027186,0.1,0.002719,104644,287
2026-09-12,MAA-DEL,1,27,12567.47,1658.9,14226.38,12042.56,16309.25,0.03175,0.15,0.004762,183318,502
2026-09-12,MAA-DEL,7,30,8038.59,1443.8,9482.39,7896.77,11070.61,0.03175,0.35,0.011112,427742,1172
2026-09-12,MAA-DEL,15,30,6815.93,1375.93,8191.86,7006.67,9502.67,0.03175,0.25,0.007938,305530,837
2026-09-12,MAA-DEL,30,30,5609.16,1284.31,6893.46,5534.41,8005.57,0.03175,0.15,0.004762,183318,502
2026-09-12,MAA-DEL,45,30,4692.41,1240.64,5933.05,4898.23,6840.5,0.03175,0.1,0.003175,122212,335
2026-09-12,PNQ-DEL,1,29,11528.45,1616.71,13145.15,11216.47,15450.55,0.037779,0.15,0.005667,218129,598
2026-09-12,PNQ-DEL,7,30,7406.8,1414.7,8821.5,7147.92,10163.18,0.037779,0.35,0.013223,508969,1394
2026-09-12,PNQ-DEL,15,30,6251.11,1339.17,7590.28,6325.3,8814.52,0.037779,0.25,0.009445,363549,996
2026-09-12,PNQ-DEL,30,30,5146.88,1281.33,6428.22,5475.53,7561.66,0.037779,0.15,0.005667,218129,598
2026-09-12,PNQ-DEL,45,30,4316.68,1237.97,5554.64,4593.58,6591.62,0.037779,0.1,0.003778,145420,398
